,sample,Sphyrna lewini 1,Stegastes arcifrons 1,Mugil thoburni 1,Mugil cephalus 1,Decapterus genus 1,Hemiramphus lutkei 1,Stegastes beebei 1,Sphoeroides annulatus 1,Sardinops genus 1,Euthynnus affinis 1,Scarus ghobban 1,Anisotremus scapularis 1,Muraena lentiginosa 1,Caranx crysos 1,Lutjanus genus 1,Teleophrys cristulipes 1,Grapsus grapsus 1,Pachygrapsus socius 1,Amphipholis squamata 1,Thunnus genus 1,Selar crumenophthalmus 1,Fistularia commersonii 1,Semicossyphus pulcher 1,Abudefduf,Actinopteri,sample_id,Site.Name,nb_reads,nb_motus,Sample.ID,Date.Collected..MM.DD.YYYY.,Time.Net.Set..or.catch.,Island,Species..common.name.,Species..scientific.name.,Spaghetti.Tag.ID,PIT.Tag.ID,Satellite.Tag.ID,Acoustic.Tag.ID,Sex,Lateral..mm.,Girth..mm.,Proximal..mm.,Fork.Length..mm.,Stretched.Total.Length..mm.,Weight..kg.,Blood..Y.N.,Umbilical.Scar..Y.N.,Recapture.Spaghetti.Tag.ID,Recapture.PIT.Tag.ID,Salinity..ppt.,Tide,Water.Temperature..C.,Method.of.Capture,Associated.Water.Sample.IDs,BRUV.File.Name,Assosiated.DNA.Blood.Sample,Fishing.Notes,Swab.Appearence,Date.Extraction.Started,Time.placed.in.incubator.for.Step.2,Placed.in.feezer.after.step.5...Y.N.,If.placed.in.freezer.what.date.,Date.fully.extracted,DNA.Extraction.Notes,Date.of.1st.PCR,X,X.1,X.2,X.3,X.4,X.5
1,order,Carcharhiniformes,Actinopteri class,Mugiliformes,Mugiliformes,Carangiformes,Beloniformes,Actinopteri class,Tetraodontiformes,Clupeiformes,Scombriformes,Labriformes,Lutjaniformes,Anguilliformes,Carangiformes,Lutjaniformes,Decapoda,Decapoda,Decapoda,Amphilepidida,Scombriformes,Carangiformes,Syngnathiformes,Labriformes,Perciformes,Actinopteri class,NA,NA,NA,NA,NA,NA,NA,NA,NA,NA,NA,NA,NA,NA,NA,NA,NA,NA,NA,NA,NA,NA,NA,NA,NA,NA,NA,NA,NA,NA,NA,NA,NA,NA,NA,NA,NA,NA,NA,NA,,,,,,,
2,family,Carcharhinidae,Pomacentridae,Mugilidae,Mugilidae,Carangidae,Hemiramphidae,Pomacentridae,Tetraodontidae,Clupeidae,Scombridae,Labridae,Haemulidae,Muraenidae,Carangidae,Lutjanidae,Mithracidae,Grapsidae,Grapsidae,Amphiuridae,Scombridae,Carangidae,Fistulariidae,Labridae,Pomacentridae,Actinopteri class,NA,NA,NA,NA,NA,NA,NA,NA,NA,NA,NA,NA,NA,NA,NA,NA,NA,NA,NA,NA,NA,NA,NA,NA,NA,NA,NA,NA,NA,NA,NA,NA,NA,NA,NA,NA,NA,NA,NA,NA,,,,,,,
3,genus,Sphyrna,Stegastes,Mugil,Mugil,Decapterus,Hemiramphus,Stegastes,Sphoeroides,Sardinops,Euthynnus,Scarus,Anisotremus,Muraena,Caranx,Lutjanus,Teleophrys,Grapsus,Pachygrapsus,Amphipholis,Thunnus,Selar,Fistularia,Semicossyphus,Abudefduf,Actinopteri class,NA,NA,NA,NA,NA,NA,NA,NA,NA,NA,NA,NA,NA,NA,NA,NA,NA,NA,NA,NA,NA,NA,NA,NA,NA,NA,NA,NA,NA,NA,NA,NA,NA,NA,NA,NA,NA,NA,NA,NA,,,,,,,
4,species,Sphyrna lewini,Stegastes arcifrons,Mugil thoburni,Mugil cephalus,Decapterus genus,Hemiramphus lutkei,Stegastes beebei,Sphoeroides annulatus,Sardinops genus,Euthynnus affinis,Scarus ghobban,Anisotremus scapularis,Muraena lentiginosa,Caranx crysos,Lutjanus genus,Teleophrys cristulipes,Grapsus grapsus,Pachygrapsus socius,Amphipholis squamata,Thunnus genus,Selar crumenophthalmus,Fistularia commersonii,Semicossyphus pulcher,Abudefduf genus,Actinopteri class,NA,NA,NA,NA,NA,NA,NA,NA,NA,NA,NA,NA,NA,NA,NA,NA,NA,NA,NA,NA,NA,NA,NA,NA,NA,NA,NA,NA,NA,NA,NA,NA,NA,NA,NA,NA,NA,NA,NA,NA,,,,,,,
5,G001,0,1,22050,1544,2,1,0,0,0,0,0,0,0,0,0,0,0,0,0,0,0,0,0,1013,0,G001,Rosa Blanca 1,24658,32,G1,6/12/21,6:58,San Cristobal,Blacktip,Carcharhinus limbatus,NA,NA,NA,NA,F,NA,NA,NA,545,694,NA,Y,NA,NA,NA,NA,Incoming,NA,Seine Net,"GW1, GW2, GW3, GW4",merged_6/12/21_Rosa Blanca 1_B2C1; merged_6/12/21_Rosa Blanca 1_B2C2,S1,, ,6/13/21,6:00 PM,N,,6/13/21,Used 96% ethanol from marine ecology lab,,,,,,,
6,G002,0,0,9,1,0,14950,0,0,0,0,0,0,0,0,0,0,0,0,0,0,0,0,0,0,0,G002,Rosa Blanca 1,28617,11,G2,6/12/21,6:58,San Cristobal,Blacktip,Carcharhinus limbatus,NA,NA,NA,NA,F,NA,NA,NA,525,660,NA,Y,NA,NA,NA,NA,Incoming,NA,Seine Net,"GW1, GW2, GW3, GW4",merged_6/12/21_Rosa Blanca 1_B2C1; merged_6/12/21_Rosa Blanca 1_B2C2,S2,, ,6/13/21,6:00 PM,N,,6/13/21,Used 96% ethanol from marine ecology lab,,,,,,,
7,G003,0,0,43,0,0,22320,2,0,0,0,104,0,0,0,0,0,0,0,0,0,0,0,0,76,0,G003,Rosa Blanca 1,37068,14,G3,6/12/21,6:58,San Cristobal,Blacktip,Carcharhinus limbatus,NA,NA,NA,NA,M,NA,NA,NA,555,710,NA,Y,NA,NA,NA,NA,Incoming,NA,Seine Net,"GW1, GW2, GW3, GW4",merged_6/12/21_Rosa Blanca 1_B2C1; merged_6/12/21_Rosa Blanca 1_B2C2,S3,, ,6/13/21,6:00 PM,N,,6/13/21,Used 96% ethanol from marine ecology lab,,,,,,,
8,G004,4,0,8001,1291,0,5,6,3,0,0,0,0,0,0,0,0,0,0,0,0,0,0,0,3,0,G004,Rosa Blanca 1,16412,26,G4,6/12/21,6:58,San Cristobal,Blacktip,Carcharhinus limbatus,NA,NA,NA,NA,M,NA,NA,NA,537,683,NA,Y,NA,NA,NA,NA,Incoming,NA,Seine Net,"GW1, GW2, GW3, GW4",merged_6/12/21_Rosa Blanca 1_B2C1; merged_6/12/21_Rosa Blanca 1_B2C2,S4,, ,6/13/21,6:00 PM,N,,6/13/21,Partial liquid evaporation after step 2 incubation; Used 96% ethanol from marine ecology lab,,,,,,,
9,G005,0,5,5,1,0,9151,2,0,0,0,0,0,0,0,0,0,0,0,0,0,0,0,0,3,0,G005,Rosa Blanca 1,17106,13,G5,6/12/21,9:00,San Cristobal,Blacktip,Carcharhinus limbatus,NA,NA,NA,NA,M,NA,NA,NA,571,714,NA,Y,NA,NA,NA,NA,Incoming,NA,Gill Net,"GW1, GW2, GW3, GW4",merged_6/12/21_Rosa Blanca 1_B2C1; merged_6/12/21_Rosa Blanca 1_B2C2,S5,Haley took this swab and I'm not sure if she went past the sphincter,None,6/13/21,6:00 PM,N,,6/13/21,All liquid evaporated after step 2 so I added 325ul of water to rehydrate; Used 96% ethanol from marine ecology lab,,,,,,,
10,G006,1,0,4,0,0,10,0,0,0,0,0,59,0,0,0,0,0,0,0,0,0,0,0,22627,0,G006,Puerto Grande,24830,23,G6,6/14/21,6:29,San Cristobal,Blacktip,Carcharhinus limbatus,NA,NA,NA,NA,M,NA,NA,NA,550,640,NA,Y,NA,NA,NA,34.85,Outgoing,23.29,Gill Net,,merged_6/14/21_Puerto Grande_B2C1; merged_6/14/21_Puerto Grande_B2C2,S6,,Medium,6/15/21,4:00 PM,Y,6/16/21,6/18/21,,,,,,,,
11,G007,1,0,6,337,0,6,0,0,0,76,0,22,94,0,0,0,0,0,0,0,0,0,0,1,56,G007,Puerto Grande,7107,11,G7,6/14/21,6:29,San Cristobal,Blacktip,Carcharhinus limbatus,NA,NA,NA,NA,F,NA,NA,NA,590,730,NA,Y,NA,NA,NA,34.85,Outgoing,23.29,Gill Net,,merged_6/14/21_Puerto Grande_B2C1; merged_6/14/21_Puerto Grande_B2C2,S7,,Alot,6/15/21,4:00 PM,Y,6/16/21,6/18/21,,,,,,,,
12,G008,2,0,5,0,0,2,0,0,0,0,0,0,0,0,0,0,0,0,0,0,0,0,0,6,0,G008,Puerto Grande,328,8,G8,6/14/21,6:29,San Cristobal,Blacktip,Carcharhinus limbatus,NA,NA,NA,NA,F,NA,NA,NA,585,720,NA,Y,NA,NA,NA,34.85,Outgoing,23.29,Gill Net,,merged_6/14/21_Puerto Grande_B2C1; merged_6/14/21_Puerto Grande_B2C2,S8,,Medium,6/15/21,4:00 PM,Y,6/16/21,6/19/21,,,,,,,,
13,G009,1,3,3,0,3,0,0,0,0,0,0,0,0,0,43,0,0,0,0,0,0,0,0,25328,0,G009,Puerto Grande,25622,25,G9,6/14/21,6:29,San Cristobal,Blacktip,Carcharhinus limbatus,NA,NA,NA,NA,M,NA,NA,NA,550,680,NA,Y,NA,NA,NA,34.85,Outgoing,23.29,Gill Net,,merged_6/14/21_Puerto Grande_B2C1; merged_6/14/21_Puerto Grande_B2C2,S9,,Medium,6/15/21,4:00 PM,Y,6/16/21,6/18/21,,,,,,,,
14,G010,2,21835,5,0,0,1,0,0,0,0,0,0,0,0,0,0,0,0,0,0,0,0,0,3,0,G010,Puerto Grande,22308,27,G10,6/14/21,6:29,San Cristobal,Blacktip,Carcharhinus limbatus,NA,NA,NA,NA,M,NA,NA,NA,540,650,NA,Y,NA,NA,NA,34.85,Outgoing,23.29,Gill Net,,merged_6/14/21_Puerto Grande_B2C1; merged_6/14/21_Puerto Grande_B2C2,S10,,Light,6/15/21,4:00 PM,Y,6/16/21,6/19/21,Mostly evaporated but didn't add water,,,,,,,
15,G011,0,0,0,0,0,2,1,0,0,0,0,0,105,0,0,0,0,0,0,0,0,0,0,1,0,G011,Puerto Grande,193,6,G11,6/14/21,6:29,San Cristobal,Blacktip,Carcharhinus limbatus,NA,NA,NA,NA,M,NA,NA,NA,550,670,NA,Y,NA,NA,NA,34.85,Outgoing,23.29,Gill Net,,merged_6/14/21_Puerto Grande_B2C1; merged_6/14/21_Puerto Grande_B2C2,S11,,Medium,6/15/21,4:00 PM,Y,6/16/21,6/19/21,,,,,,,,
16,G012,4,1,116,55,0,0,9,3,0,0,0,0,0,0,0,0,0,0,0,0,0,0,0,7,0,G012,Puerto Grande,24370,12,G12,6/14/21,6:29,San Cristobal,Blacktip,Carcharhinus limbatus,NA,NA,NA,NA,F,NA,NA,NA,540,690,NA,Y,NA,NA,NA,34.85,Outgoing,23.29,Gill Net,,merged_6/14/21_Puerto Grande_B2C1; merged_6/14/21_Puerto Grande_B2C2,S12,,Light,6/15/21,4:00 PM,Y,6/16/21,6/18/21,,,,,,,,
17,G013,0,3,0,0,0,1,9158,0,0,0,0,0,0,0,0,0,0,0,0,0,0,0,0,3,0,G013,Puerto Grande,37703,29,G13,6/14/21,6:29,San Cristobal,Blacktip,Carcharhinus limbatus,NA,NA,NA,NA,M,NA,NA,NA,550,675,NA,Y,NA,NA,NA,34.85,Outgoing,23.29,Gill Net,,merged_6/14/21_Puerto Grande_B2C1; merged_6/14/21_Puerto Grande_B2C2,S13,,Alot,6/15/21,4:00 PM,Y,6/16/21,6/18/21,,,,,,,,
18,G014,3,0,263,0,0,0,4,0,0,0,0,0,0,0,0,0,0,0,0,0,0,0,0,5,0,G014,La Seca,26894,7,G14,6/14/21,9:32,San Cristobal,Blacktip,Carcharhinus limbatus,NA,NA,NA,NA,M,NA,NA,NA,550,678,NA,Y,NA,NA,NA,34.8,Outgoing,23.62,Seine Net,,,S14,,None,6/15/21,4:00 PM,Y,6/16/21,6/18/21,,,,,,,,
19,G015,12,3,1,0,0,0,6,0,0,0,0,0,0,0,0,0,0,0,0,0,0,0,0,1,0,G015,La Seca,39162,14,G15,6/14/21,9:32,San Cristobal,Blacktip,Carcharhinus limbatus,NA,NA,NA,NA,F,NA,NA,NA,564,695,NA,Y,NA,NA,NA,34.8,Outgoing,23.62,Seine Net,,,S15,,Light (greenish),6/15/21,4:00 PM,Y,6/16/21,6/18/21,Dropped swab in tube holder when cutting,,,,,,,
20,G016,0,0,0,0,0,0,0,0,0,0,0,0,0,0,0,0,0,0,0,0,0,0,0,2,13,G016,La Seca,5772,4,G16,6/14/21,9:32,San Cristobal,Blacktip,Carcharhinus limbatus,NA,NA,NA,NA,F,NA,NA,NA,530,655,NA,Y,NA,NA,NA,34.8,Outgoing,23.62,Seine Net,,,S16,,Alot,6/15/21,4:00 PM,Y,6/16/21,6/19/21,,,,,,,,
21,G017,0,5,2,0,1,0,2,0,0,0,0,0,0,0,0,0,0,0,0,0,0,0,0,7,0,G017,La Seca,19985,8,G17,6/14/21,9:32,San Cristobal,Blacktip,Carcharhinus limbatus,NA,NA,NA,NA,M,NA,NA,NA,550,678,NA,Y,NA,NA,NA,34.8,Outgoing,23.62,Seine Net,,,S17,,Light (greenish),6/15/21,4:00 PM,Y,6/16/21,6/18/21,,,,,,,,
22,G018,1,2,6,0,0,0,18163,0,1,0,0,0,0,0,0,0,0,0,0,0,0,0,0,1,0,G018,La Seca,21594,36,G18,6/14/21,9:32,San Cristobal,Blacktip,Carcharhinus limbatus,NA,NA,NA,NA,M,NA,NA,NA,560,685,NA,Y,NA,NA,NA,34.8,Outgoing,23.62,Seine Net,,,S18,,Light (yellowish),6/15/21,4:00 PM,Y,6/16/21,6/18/21,,,,,,,,
23,G019,0,0,2544,0,0,1,12,1,0,0,0,0,0,0,0,0,0,0,0,0,0,0,0,2,0,G019,Puerto Grande,29301,13,G19,6/15/21,5:45,San Cristobal,Blacktip,Carcharhinus limbatus,NA,NA,NA,NA,F,NA,NA,NA,565,704,NA,N,NA,NA,NA,34.76,Outgoing,23.95,Seine Net,"GW9, GW10, GW11",merged_6/15/21_Puerto Grande_B2C1; merged_6/15/21_Puerto Grande_B2C2,,,Light,6/15/21,4:00 PM,Y,6/16/21,6/18/21,,,,,,,,
24,G020,4,8849,1,0,0,0,10,37167,0,0,0,0,0,0,0,0,0,0,0,0,0,0,0,6,0,G020,Puerto Grande,60411,35,G20,6/15/21,5:45,San Cristobal,Blacktip,Carcharhinus limbatus,NA,NA,NA,NA,M,NA,NA,NA,555,700,NA,N,NA,NA,NA,34.76,Outgoing,23.95,Seine Net,"GW9, GW10, GW11",merged_6/15/21_Puerto Grande_B2C1; merged_6/15/21_Puerto Grande_B2C2,,,Alot,6/15/21,4:00 PM,Y,6/16/21,6/18/21,,,,,,,,
25,G021,0,7,1,0,0,0,18649,7,0,0,0,0,0,0,0,0,0,0,0,0,0,0,0,14466,0,G021,Puerto Grande,33440,50,G21,6/15/21,6:25,San Cristobal,Blacktip,Carcharhinus limbatus,NA,NA,NA,NA,F,NA,NA,NA,540,655,NA,Y,NA,NA,NA,34.76,Outgoing,23.95,Gill Net,"GW9, GW10, GW11",merged_6/15/21_Puerto Grande_B2C1; merged_6/15/21_Puerto Grande_B2C2,S21,,Medium,6/15/21,4:00 PM,Y,6/16/21,6/18/21,,,,,,,,
26,G022,1,0,10,0,0,0,320,1,0,0,0,0,0,0,0,0,0,0,0,0,0,0,0,7,94,G022,Puerto Grande,16337,14,G22,6/15/21,7:25,San Cristobal,Blacktip,Carcharhinus limbatus,NA,NA,NA,NA,M,NA,NA,NA,550,750,NA,Y,NA,NA,NA,34.76,Outgoing,23.95,Gill Net,"GW9, GW10, GW11",merged_6/15/21_Puerto Grande_B2C1; merged_6/15/21_Puerto Grande_B2C2,S22,,Medium,6/15/21,4:00 PM,Y,6/16/21,6/18/21,,,,,,,,
27,G023,8,2,1,414,0,0,16,2,0,0,0,0,0,0,0,0,0,0,0,0,0,0,0,0,0,G023,Puerto Grande,47340,13,G23,6/15/21,8:25,San Cristobal,Blacktip,Carcharhinus limbatus,NA,NA,NA,NA,M,NA,NA,NA,590,710,NA,Y,NA,NA,NA,34.76,Outgoing,23.95,Gill Net,"GW9, GW10, GW11",merged_6/15/21_Puerto Grande_B2C1; merged_6/15/21_Puerto Grande_B2C2,S23,,Medium,6/15/21,4:00 PM,Y,6/16/21,6/18/21,,,,,,,,
28,G024,1,0,0,0,0,0,2,3,0,378,0,0,0,0,0,0,0,0,0,0,0,0,0,1,0,G024,Puerto Grande,44728,7,G24,6/15/21,9:25,San Cristobal,Blacktip,Carcharhinus limbatus,NA,NA,NA,NA,F,NA,NA,NA,530,650,NA,Y,NA,NA,NA,34.76,Outgoing,23.95,Gill Net,"GW9, GW10, GW11",merged_6/15/21_Puerto Grande_B2C1; merged_6/15/21_Puerto Grande_B2C2,S24,,Light,6/15/21,4:00 PM,Y,6/16/21,6/18/21,,,,,,,,
29,G025,2,29320,3,1,4,0,1,0,0,0,0,0,0,0,0,0,0,0,0,0,0,0,0,2,0,G025,La Seca,39738,30,G25,6/15/21,9:51,San Cristobal,Blacktip,Carcharhinus limbatus,NA,NA,NA,NA,M,NA,NA,NA,530,630,NA,Y,NA,NA,NA,34.91,,24.65,Seine Net,GW12,,S25,Gill parasite,Medium,6/15/21,4:00 PM,Y,6/16/21,6/18/21,,,,,,,,
30,G026,1,5,35437,17,0,1,4,0,0,0,0,0,0,0,0,0,0,0,0,0,0,0,0,0,0,G026,La Seca,47388,22,G26,6/15/21,9:51,San Cristobal,Blacktip,Carcharhinus limbatus,NA,NA,NA,NA,F,NA,NA,NA,535,670,NA,Y,NA,NA,NA,34.91,,24.65,Seine Net,GW12,,S26, ,Medium,6/15/21,4:00 PM,Y,6/16/21,6/18/21,,,,,,,,
31,G027,0,2,3,0,0,1,39116,0,0,0,0,0,0,0,0,0,0,0,0,0,0,0,0,0,0,G027,La Seca,42081,36,G27,6/15/21,9:51,San Cristobal,Blacktip,Carcharhinus limbatus,NA,NA,NA,NA,M,NA,NA,NA,585,714,NA,Y,NA,NA,NA,34.91,,24.65,Seine Net,GW12,,S27, ,Medium,6/15/21,4:00 PM,Y,6/16/21,6/18/21,,,,,,,,
32,G028,3,3,4,0,0,0,7,3,0,0,0,0,0,0,0,0,0,0,0,0,0,0,0,1,0,G028,La Seca,13906,13,G28,6/15/21,9:51,San Cristobal,Blacktip,Carcharhinus limbatus,NA,NA,NA,NA,M,NA,NA,NA,575,680,NA,Y,NA,NA,NA,34.91,,24.65,Seine Net,GW12,,S28, ,Medium,6/15/21,4:00 PM,Y,6/16/21,6/18/21,,,,,,,,
33,G029,0,6,6,646,0,1,3,0,0,0,0,0,0,0,0,0,0,0,0,0,0,0,0,3,0,G029,La Seca,4180,9,G29,6/15/21,9:51,San Cristobal,Blacktip,Carcharhinus limbatus,NA,NA,NA,NA,M,NA,NA,NA,550,690,NA,Y,NA,NA,NA,34.91,,24.65,Seine Net,GW12,,S29, ,Light,6/15/21,4:00 PM,Y,6/16/21,6/18/21,,,,,,,,
34,G030,2,1,350,0,0,0,0,0,0,0,0,0,0,0,0,0,0,0,0,0,0,0,0,2,0,G030,La Seca,1017,8,G30,6/15/21,9:51,San Cristobal,Blacktip,Carcharhinus limbatus,NA,NA,NA,NA,M,NA,NA,NA,580,720,NA,Y,NA,NA,NA,34.91,,24.65,Seine Net,GW12,,S30, ,Alot,6/15/21,4:00 PM,Y,6/16/21,6/18/21,,,,,,,,
35,G031,9,5,4,0,0,0,3,0,0,0,0,0,0,0,0,0,0,0,0,0,0,0,0,0,0,G031,La Seca,3434,7,G31,6/15/21,9:51,San Cristobal,Blacktip,Carcharhinus limbatus,NA,NA,NA,NA,M,NA,NA,NA,555,698,NA,Y,NA,NA,NA,34.91,,24.65,Seine Net,GW12,,S31, ,Light,6/15/21,4:00 PM,Y,6/16/21,6/18/21,,,,,,,,
36,G032,0,1,1,0,0,0,1,0,0,0,0,0,0,0,0,0,0,0,0,0,0,0,0,0,0,G032,La Seca,38018,4,G32,6/15/21,9:51,San Cristobal,Blacktip,Carcharhinus limbatus,NA,NA,NA,NA,F,NA,NA,NA,543,673,NA,Y,NA,NA,NA,34.91,,24.65,Seine Net,GW12,,S32, ,Light,6/15/21,4:00 PM,Y,6/16/21,6/18/21,,,,,,,,
37,G033,0,21,3,0,0,0,0,0,0,0,0,0,0,0,0,0,0,0,0,0,0,0,0,2,0,G033,La Seca,1061,4,G33,6/15/21,9:51,San Cristobal,Blacktip,Carcharhinus limbatus,NA,NA,NA,NA,F,NA,NA,NA,577,693,NA,Y,NA,NA,NA,34.91,,24.65,Seine Net,GW12,,S33, ,Alot,6/15/21,4:00 PM,Y,6/16/21,6/18/21,,,,,,,,
38,G034,1,0,9,0,0,0,0,0,1,0,0,0,0,0,0,0,0,0,0,0,0,0,0,0,0,G034,La Tortuga,431,5,G34,6/17/21,9:53,San Cristobal,Blacktip,Carcharhinus limbatus,NA,NA,NA,NA,F,NA,NA,NA,516,650,NA,Y,NA,NA,NA,34.35,Outgoing,23.91,Gill Net,,merged_6/17/21_La Tortuga_B2C1; merged_6/17/21_La Tortuga_B2C2,S34, ,Medium,6/17/21,4:30 PM,N,,6/19/21,,,,,,,,
39,G035,0,0,1,1,0,1,23,0,0,0,0,0,0,0,0,0,0,0,0,0,0,0,0,0,0,G035,Cerro Brujo,39997,6,G35,6/17/21,12:55,San Cristobal,Blacktip,Carcharhinus limbatus,NA,NA,NA,NA,M,NA,NA,NA,535,675,NA,Y,NA,NA,NA,34.91,,25.88,Gill Net,,,S35,Recaptured and struggled a bit but survived,Light,6/17/21,4:30 PM,N,,6/19/21,,,,,,,,
40,G036,2,0,19538,0,0,0,2,3,0,0,0,0,0,0,0,0,0,0,0,0,0,0,0,1,0,G036,Rosa Blanca 1,54364,18,G36,6/23/21,6:50,San Cristobal,Blacktip,Carcharhinus limbatus,NA,NA,NA,NA,F,NA,NA,NA,535,670,NA,Y,NA,NA,NA,32.59,Outgoing,23.33,Seine Net,,merged_6/23/21_Rosa Blanca 1_B2C1; merged_6/23/21_Rosa Blanca 1_B2C2,S36,,Medium,6/23/21,6:30 PM,N,,6/24/21,,,,,,,,
41,G037,0,1,9,0,0,0,2,0,0,0,0,0,0,0,0,0,0,0,0,0,0,0,0,2,0,G037,Rosa Blanca 1,25512,6,G37,6/23/21,6:50,San Cristobal,Blacktip,Carcharhinus limbatus,NA,NA,NA,NA,F,NA,NA,NA,560,701,NA,Y,NA,NA,NA,32.59,Outgoing,23.33,Seine Net,,merged_6/23/21_Rosa Blanca 1_B2C1; merged_6/23/21_Rosa Blanca 1_B2C2,S37,,Light,6/23/21,6:30 PM,N,,6/24/21,,,,,,,,
42,G038,3,0,8436,142,0,0,0,0,0,0,0,0,0,0,0,0,0,0,0,0,0,0,0,2,0,G038,Rosa Blanca 1,42946,19,G38,6/23/21,6:50,San Cristobal,Blacktip,Carcharhinus limbatus,NA,NA,NA,NA,F,NA,NA,NA,530,660,NA,Y,NA,NA,NA,32.59,Outgoing,23.33,Seine Net,,merged_6/23/21_Rosa Blanca 1_B2C1; merged_6/23/21_Rosa Blanca 1_B2C2,S38,,Light,6/23/21,6:30 PM,N,,6/24/21,,,,,,,,
43,G039,3,2,29743,0,0,0,4,0,0,0,0,0,0,0,0,0,0,0,0,0,0,0,0,0,0,G039,Rosa Blanca 1,48364,20,G39,6/23/21,6:50,San Cristobal,Blacktip,Carcharhinus limbatus,NA,NA,NA,NA,M,NA,NA,NA,532,676,NA,Y,NA,NA,NA,32.59,Outgoing,23.33,Seine Net,,merged_6/23/21_Rosa Blanca 1_B2C1; merged_6/23/21_Rosa Blanca 1_B2C2,S39,,Alot,6/23/21,6:30 PM,N,,6/24/21,,,,,,,,
44,G040,2,0,5,0,0,0,0,0,0,0,0,0,0,0,0,0,0,0,0,0,0,0,0,2,0,G040,Rosa Blanca 1,43205,4,G40,6/23/21,6:50,San Cristobal,Blacktip,Carcharhinus limbatus,NA,NA,NA,NA,F,NA,NA,NA,538,685,NA,Y,NA,NA,NA,32.59,Outgoing,23.33,Seine Net,,merged_6/23/21_Rosa Blanca 1_B2C1; merged_6/23/21_Rosa Blanca 1_B2C2,S40,,Light,6/23/21,6:30 PM,N,,6/24/21,,,,,,,,
45,G041,0,4,31,0,7,0,0,0,0,0,0,0,0,0,0,0,0,0,0,0,0,0,0,3,0,G041,Rosa Blanca 1,32701,6,G41,6/23/21,6:50,San Cristobal,Blacktip,Carcharhinus limbatus,NA,NA,NA,NA,M,NA,NA,NA,570,720,NA,Y,NA,NA,NA,32.59,Outgoing,23.33,Seine Net,,merged_6/23/21_Rosa Blanca 1_B2C1; merged_6/23/21_Rosa Blanca 1_B2C2,S41,,Light with Mucus,6/23/21,6:30 PM,N,,6/24/21,,,,,,,,
46,G042,2,0,375,2157,0,2,2,0,1,0,0,0,0,0,0,0,0,0,0,0,0,0,0,1,0,G042,Rosa Blanca 1,3563,14,G42,6/23/21,6:50,San Cristobal,Blacktip,Carcharhinus limbatus,NA,NA,NA,NA,F,NA,NA,NA,533,684,NA,Y,NA,NA,NA,32.59,Outgoing,23.33,Seine Net,,merged_6/23/21_Rosa Blanca 1_B2C1; merged_6/23/21_Rosa Blanca 1_B2C2,S42,,Alot,6/23/21,6:30 PM,N,,6/24/21,,,,,,,,
47,G043,0,0,0,0,0,1,2,0,0,0,0,0,0,0,0,0,0,0,0,0,0,0,0,0,0,G043,Rosa Blanca 1,3348,4,G43,6/23/21,6:50,San Cristobal,Blacktip,Carcharhinus limbatus,NA,NA,NA,NA,F,NA,NA,NA,554,686,NA,Y,NA,NA,NA,32.59,Outgoing,23.33,Seine Net,,merged_6/23/21_Rosa Blanca 1_B2C1; merged_6/23/21_Rosa Blanca 1_B2C2,S43,,None,6/23/21,6:30 PM,N,,6/24/21,Almost fully evaporated after step 2 so added 325ul of PCR water,,,,,,,
48,G044,3,2,3,0,0,0,8,2,0,0,0,0,0,0,0,0,0,0,0,0,0,0,0,2,0,G044,Rosa Blanca 2,44619,8,G44,6/23/21,10:50,San Cristobal,Blacktip,Carcharhinus limbatus,NA,NA,NA,NA,M,NA,NA,NA,550,660,NA,Y,NA,NA,NA,34.07,Incoming,24.58,Gill Net,,,S44,,Medium,6/23/21,6:30 PM,N,,6/24/21,,,,,,,,
49,G045,0,3,0,0,0,0,6,0,0,0,0,0,0,0,0,2284,272,0,0,0,0,0,0,4,0,G045,Rosa Blanca 2,3082,8,G45,6/23/21,10:50,San Cristobal,Blacktip,Carcharhinus limbatus,NA,NA,NA,NA,M,NA,NA,NA,600,750,NA,Y,NA,NA,NA,34.07,Incoming,24.58,Gill Net,,,S45,,Alot,6/23/21,6:30 PM,N,,6/24/21,,,,,,,,
50,G046,3,5,25,1,0,0,0,0,0,0,0,0,0,0,0,0,0,0,0,0,0,0,0,118,0,G046,Rosa Blanca 2,2161,9,G46,6/23/21,10:50,San Cristobal,Blacktip,Carcharhinus limbatus,NA,NA,NA,NA,M,NA,NA,NA,554,700,NA,Y,NA,NA,NA,34.07,Incoming,24.58,Gill Net,,,S46,,Alot,6/23/21,6:30 PM,N,,6/24/21,,,,,,,,
51,G047,5,36638,56,2,0,0,4,0,0,0,0,0,0,0,0,0,0,0,0,0,0,0,0,42,0,G047,Rosa Blanca 2,49885,32,G47,6/23/21,10:50,San Cristobal,Blacktip,Carcharhinus limbatus,NA,NA,NA,NA,F,NA,NA,NA,578,709,NA,Y,NA,NA,NA,34.07,Incoming,24.58,Gill Net,,,S47,,Medium,6/23/21,6:30 PM,N,,6/24/21,,,,,,,,
52,G048,1,0,0,0,0,0,0,0,0,0,0,0,0,0,0,0,0,0,0,0,0,0,0,0,0,G048,Rosa Blanca 2,27550,2,G48,6/23/21,10:50,San Cristobal,Blacktip,Carcharhinus limbatus,NA,NA,NA,NA,M,NA,NA,NA,530,620,NA,Y,NA,NA,NA,34.07,Incoming,24.58,Gill Net,,,S48,,Light,6/23/21,6:30 PM,N,,6/24/21,,,,,,,,
53,G049,1,3,3,0,5,0,0,0,0,0,0,0,0,0,0,0,0,0,0,0,0,0,0,6,0,G049,Rosa Blanca 2,10677,6,G49,6/23/21,10:50,San Cristobal,Blacktip,Carcharhinus limbatus,NA,NA,NA,NA,F,NA,NA,NA,552,685,NA,Y,NA,NA,NA,34.07,Incoming,24.58,Gill Net,,,S49,,Light,6/23/21,6:30 PM,N,,6/24/21,,,,,,,,
54,G050,1,4,33676,0,0,0,1,0,0,0,0,0,0,0,0,0,0,0,0,0,0,0,0,1,0,G050,Cerro Brujo,34538,13,G50,6/25/21,8:19,San Cristobal,Blacktip,Carcharhinus limbatus,NA,NA,NA,NA,F,NA,NA,NA,630,790,NA,Y,NA,NA,NA,34.89,Outgoing,23.32,Gill Net,,merged_6/25/21_Cerro Brujo_B2C1; merged_6/25/21_Cerro Brujo_B2C2,S50,,Light,6/25/21,5:54 PM,N,,6/26/21,,,,,,,,
55,G051,0,0,0,0,0,2,4,0,0,0,0,0,0,0,0,0,0,0,0,0,0,0,0,2,0,G051,Cerro Brujo,67407,6,G51,6/25/21,8:19,San Cristobal,Blacktip,Carcharhinus limbatus,NA,NA,NA,NA,F,NA,NA,NA,580,720,NA,Y,NA,NA,NA,34.89,Outgoing,23.32,Gill Net,,merged_6/25/21_Cerro Brujo_B2C1; merged_6/25/21_Cerro Brujo_B2C2,S51,,None,6/25/21,5:54 PM,N,,6/26/21,,,,,,,,
56,G053,5,1,5,0,0,0,5,1,0,0,0,0,0,0,0,0,0,0,0,0,0,0,0,75603,0,G053,Cerro Brujo,77675,24,G53,6/25/21,8:19,San Cristobal,Blacktip,Carcharhinus limbatus,NA,NA,NA,NA,F,NA,NA,NA,590,730,NA,Y,NA,NA,NA,34.89,Outgoing,23.32,Gill Net,,merged_6/25/21_Cerro Brujo_B2C1; merged_6/25/21_Cerro Brujo_B2C2,S53,Blood didn't separate all the way when spun,Light,6/25/21,5:54 PM,N,,6/26/21,,,,,,,,
57,G054,0,11,28882,0,0,1,861,0,0,0,0,0,0,0,0,0,0,0,0,0,0,0,0,21,0,G054,Cerro Brujo,43522,38,G54,6/25/21,8:19,San Cristobal,Blacktip,Carcharhinus limbatus,NA,NA,NA,NA,F,NA,NA,NA,540,680,NA,Y,NA,NA,NA,34.89,Outgoing,23.32,Gill Net,,merged_6/25/21_Cerro Brujo_B2C1; merged_6/25/21_Cerro Brujo_B2C2,S54,,Medium,6/25/21,5:54 PM,N,,6/26/21,,,,,,,,
58,G055,1,0,27,0,0,0,0,0,0,0,0,0,0,0,0,0,0,0,0,0,0,0,0,5,0,G055,Cerro Brujo,20481,7,G55,6/25/21,8:19,San Cristobal,Blacktip,Carcharhinus limbatus,NA,NA,NA,NA,F,NA,NA,NA,750,940,NA,Y,NA,NA,NA,34.89,Outgoing,23.32,Gill Net,,merged_6/25/21_Cerro Brujo_B2C1; merged_6/25/21_Cerro Brujo_B2C2,S55,,Light,6/25/21,5:54 PM,N,,6/26/21,,,,,,,,
59,G056,12,2,9,1,0,0,3,0,0,0,0,0,0,0,0,0,0,0,0,0,0,0,0,4,0,G056,Cerro Brujo,1327,8,G56,6/25/21,8:19,San Cristobal,Blacktip,Carcharhinus limbatus,NA,NA,NA,NA,F,NA,NA,NA,600,820,NA,Y,NA,NA,NA,34.89,Outgoing,23.32,Gill Net,,merged_6/25/21_Cerro Brujo_B2C1; merged_6/25/21_Cerro Brujo_B2C2,S56,"Made weird noise with mouth, kind of seemed like it was seizing",Alot,6/25/21,5:54 PM,N,,6/26/21,,,,,,,,
60,G057,0,1,1,0,0,0,0,0,0,0,0,0,0,0,0,0,0,0,0,0,0,0,0,3,0,G057,Cerro Brujo,35553,4,G57,6/25/21,8:19,San Cristobal,Blacktip,Carcharhinus limbatus,NA,NA,NA,NA,M,NA,NA,NA,560,700,NA,Y,NA,NA,NA,34.89,Outgoing,23.32,Gill Net,,merged_6/25/21_Cerro Brujo_B2C1; merged_6/25/21_Cerro Brujo_B2C2,S57,,None,6/25/21,5:54 PM,N,,6/26/21,,,,,,,,
61,G062,4,57697,87,77,0,2,3,0,0,0,0,0,0,0,0,0,0,0,0,0,0,0,0,0,0,G062,Puerto Grande,63308,28,G62,6/27/21,5:55,San Cristobal,Blacktip,Carcharhinus limbatus,NA,NA,NA,NA,F,NA,NA,NA,600,710,NA,Y,NA,NA,NA,35.06,Outgoing,22.25,Gill Net,,merged_6/27/21_Puerto Grande_B2C1; merged_6/27/21_Puerto Grande_B2C2,S62,,Light,7/19/21,2:45 PM,N,,,,,,,,,,
62,G063,3,27,138,0,0,0,1,0,0,0,0,0,0,0,0,0,0,0,0,0,0,0,0,86,0,G063,Puerto Grande,2141,7,G63,6/27/21,5:55,San Cristobal,Blacktip,Carcharhinus limbatus,NA,NA,NA,NA,M,NA,NA,NA,690,570,NA,Y,NA,NA,NA,35.06,Outgoing,22.25,Gill Net,,merged_6/27/21_Puerto Grande_B2C1; merged_6/27/21_Puerto Grande_B2C2,S63,,Medium,7/19/21,2:45 PM,N,,,,,,,,,,
63,G064,10,2,175,177,0,0,5,0,0,0,0,0,0,0,0,0,0,172,595,0,0,0,0,0,364,G064,Puerto Grande,15016,13,G64,6/27/21,5:55,San Cristobal,Blacktip,Carcharhinus limbatus,NA,NA,NA,NA,M,NA,NA,NA,660,550,NA,Y,NA,NA,NA,35.06,Outgoing,22.25,Gill Net,,merged_6/27/21_Puerto Grande_B2C1; merged_6/27/21_Puerto Grande_B2C2,S64,,Light,7/19/21,2:45 PM,N,,,,,,,,,,
64,G065,1,1,0,0,0,0,3,0,0,0,0,0,0,0,0,0,0,0,0,0,0,0,0,0,0,G065,Puerto Grande,29222,4,G65,6/27/21,5:55,San Cristobal,Blacktip,Carcharhinus limbatus,NA,NA,NA,NA,M,NA,NA,NA,690,570,NA,Y,NA,NA,NA,35.06,Outgoing,22.25,Gill Net,,merged_6/27/21_Puerto Grande_B2C1; merged_6/27/21_Puerto Grande_B2C2,S65,,Light,7/19/21,2:45 PM,N,,,,,,,,,,
65,G066,3,5,3,0,6,0,2,0,0,0,0,0,885,0,0,0,0,0,0,0,0,0,0,4,0,G066,Puerto Grande,,,G66,6/27/21,5:55,San Cristobal,Blacktip,Carcharhinus limbatus,,,,,F,,,,695,625,,Y,,,,35.06,Outgoing,22.25,Gill Net,,merged_6/27/21_Puerto Grande_B2C1; merged_6/27/21_Puerto Grande_B2C2,S66,,Alot (dark),7/19/21,2:45 PM,N,,,,,,,,,,
66,G067,3,2,6,70,0,1,4,130,13649,0,0,0,0,0,0,0,0,0,0,0,0,0,0,0,0,G067,Puerto Grande,,,G67,6/27/21,5:55,San Cristobal,Blacktip,Carcharhinus limbatus,,,,,M,,,,720,600,,Y,,,,35.06,Outgoing,22.25,Gill Net,,merged_6/27/21_Puerto Grande_B2C1; merged_6/27/21_Puerto Grande_B2C2,S67,,Medium (dark),7/19/21,2:45 PM,N,,,,,,,,,,
67,G068,4,0,119,0,0,0,4,0,0,0,0,0,0,0,0,0,0,0,0,0,0,0,0,241,0,G068,Puerto Grande,,,G68,6/27/21,5:55,San Cristobal,Blacktip,Carcharhinus limbatus,,,,,F,,,,600,495,,Y,,,,35.06,Outgoing,22.25,Gill Net,,merged_6/27/21_Puerto Grande_B2C1; merged_6/27/21_Puerto Grande_B2C2,S68,,Light,7/19/21,2:45 PM,N,,,,,,,,,,
68,G069,6,0,4,110,1,0,71080,2,0,0,0,0,0,0,0,0,0,0,0,0,0,0,0,2,0,G069,Puerto Grande,,,G69,6/27/21,5:55,San Cristobal,Blacktip,Carcharhinus limbatus,,,,,F,,,,640,715,,Y,,,,35.06,Outgoing,22.25,Gill Net,,merged_6/27/21_Puerto Grande_B2C1; merged_6/27/21_Puerto Grande_B2C2,S69,,Medium,7/19/21,2:45 PM,N,,,,,,,,,,
69,G070,1,2,2,33,0,1,11,0,0,0,0,0,0,0,0,0,0,0,0,0,0,0,0,2,0,G070,Puerto Grande,,,G70,6/27/21,5:55,San Cristobal,Blacktip,Carcharhinus limbatus,,,,,M,,,,715,595,,Y,,,,35.06,Outgoing,22.25,Gill Net,,merged_6/27/21_Puerto Grande_B2C1; merged_6/27/21_Puerto Grande_B2C2,S70,,Medium,7/19/21,2:45 PM,N,,,,,,,,,,
70,G071,5,0,735,0,0,0,5,0,0,0,0,0,0,0,0,0,0,0,0,0,0,0,0,2,0,G071,Puerto Grande,,,G71,6/27/21,5:55,San Cristobal,Blacktip,Carcharhinus limbatus,,,,,F,,,,630,530,,Y,,,,35.06,Outgoing,22.25,Gill Net,,merged_6/27/21_Puerto Grande_B2C1; merged_6/27/21_Puerto Grande_B2C2,S71,,Alot (dark),7/19/21,2:45 PM,N,,,,,,,,,,
71,G072,8,4,414,0,0,0,57304,0,0,0,0,0,0,0,0,0,0,0,0,0,0,0,0,0,0,G072,Cerro Brujo,,,G72,7/1/21,6:32,San Cristobal,Blacktip,Carcharhinus limbatus,,,,,F,,,,530,650,,Y,,,,35.05,Outgoing,23.45,Gill Net,,merged_7/1/21_Cerro Brujo_B2C2; merged_7/1/21_Cerro Brujo_B2C4,S72,,Alot,7/1/21,5:00 PM,N,,7/2/21,,,,,,,,
72,G073,2,2,0,0,0,0,2,0,2,0,0,0,0,45,0,0,0,0,0,0,0,0,0,0,0,G073,Cerro Brujo,,,G73,7/1/21,6:32,San Cristobal,Blacktip,Carcharhinus limbatus,,,,,M,,,,600,850,,Y,,,,35.05,Outgoing,23.45,Gill Net,,merged_7/1/21_Cerro Brujo_B2C2; merged_7/1/21_Cerro Brujo_B2C4,S73,,Light (greenish),7/1/21,5:00 PM,N,,7/2/21,,,,,,,,
73,G074,0,0,4,0,27594,0,0,0,0,0,1,0,0,0,0,0,0,0,0,0,0,0,0,2,0,G074,Cerro Brujo,,,G74,7/1/21,6:32,San Cristobal,Blacktip,Carcharhinus limbatus,,,,,F,,,,554,700,,Y,,,,35.05,Outgoing,23.45,Gill Net,,merged_7/1/21_Cerro Brujo_B2C2; merged_7/1/21_Cerro Brujo_B2C4,S74,,Medium,7/1/21,5:00 PM,N,,7/2/21,,,,,,,,
74,G075,1,0,3,735,4,0,0,0,0,0,0,0,0,0,0,0,0,0,0,0,0,0,0,0,191,G075,Cerro Brujo,,,G75,7/1/21,6:32,San Cristobal,Blacktip,Carcharhinus limbatus,,,,,F,,,,575,670,,Y,,,,35.05,Outgoing,23.45,Gill Net,,merged_7/1/21_Cerro Brujo_B2C2; merged_7/1/21_Cerro Brujo_B2C4,S75,,Light with mucus,7/1/21,5:00 PM,N,,7/2/21,,,,,,,,
75,G076,0,0,6,0,0,0,1,0,0,0,0,0,0,0,0,0,0,0,0,0,0,0,0,0,0,G076,Cerro Brujo,,,G76,7/1/21,6:32,San Cristobal,Blacktip,Carcharhinus limbatus,,,,,F,,,,760,760,,Y,,,,35.05,Outgoing,23.45,Gill Net,,merged_7/1/21_Cerro Brujo_B2C2; merged_7/1/21_Cerro Brujo_B2C4,S76,,Light,7/1/21,5:00 PM,N,,7/2/21,,,,,,,,
76,G077,1,0,6,0,6,0,2,2,0,0,0,0,0,0,0,0,0,0,0,0,0,0,0,0,0,G077,Rosa Blanca 2,,,G77,7/3/21,8:00,San Cristobal,Blacktip,Carcharhinus limbatus,,,,,F,,,,540,688,,Y,,,,33.51,Incoming,24.44,Gill Net,,,S77,, ,7/3/21,2:00 PM,N,,7/4/21,,,,,,,,
77,G078,0,2,0,0,0,1,3,0,0,0,0,0,0,0,0,0,0,0,0,0,0,0,0,0,0,G078,Rosa Blanca 2,,,G78,7/3/21,8:00,San Cristobal,Blacktip,Carcharhinus limbatus,,,,,M,,,,530,665,,Y,,,,33.51,Incoming,24.44,Gill Net,,,S78,Parasite; Got enough blood for DNA but not enough for stable isotope,Medium,7/3/21,2:00 PM,N,,7/4/21,,,,,,,,
78,G099,0,0,5,0,0,0,0,0,0,0,0,0,0,0,0,0,0,0,0,0,0,0,0,0,0,G099,Grimanesa,,,G99,6/9/22,13:25,Isabela,Blacktip,Carcharhinus limbatus,,1499545,,,M,,,,560,670,2.38,Y,Y,,,34.28,Outgoing,23.22,Gill Net,,merged_6/9/22_Grimanesa_B1C3; merged_6/9/22_Grimanesa_B2C4; merged_6/9/22_Grimanesa_B2C5,S99,,Medium,7/22/22,11:24 AM,N,,,75ul in orange vial for exportation (25ul left in microcentrifuge tube for biobank storage at GSC),10/4/23,,,,,,
79,G100,0,0,56,0,0,0,0,0,0,0,0,0,0,0,0,0,0,0,0,0,0,0,0,0,0,G100,Grimanesa,,,G100,6/9/22,13:30,Isabela,Blacktip,Carcharhinus limbatus,,1502787,,,F,,,,640,700,2.95,Y,N,,,34.28,Outgoing,23.22,Gill Net,,merged_6/9/22_Grimanesa_B1C3; merged_6/9/22_Grimanesa_B2C4; merged_6/9/22_Grimanesa_B2C5,S100,,None,7/22/22,11:24 AM,N,,,75ul in orange vial for exportation (25ul left in microcentrifuge tube for biobank storage at GSC),10/4/23,,,,,,
80,G101,0,0,9,0,0,0,0,0,0,0,0,0,0,0,0,0,0,0,0,0,0,0,0,0,5,G101,Grimanesa,,,G101,6/9/22,13:41,Isabela,Blacktip,Carcharhinus limbatus,,1501409,,,M,,,,550,660,2.27,Y,N,,,34.28,Outgoing,23.22,Gill Net,,merged_6/9/22_Grimanesa_B1C3; merged_6/9/22_Grimanesa_B2C4; merged_6/9/22_Grimanesa_B2C5,S101,,None,7/22/22,11:24 AM,N,,,75ul in orange vial for exportation (25ul left in microcentrifuge tube for biobank storage at GSC),10/4/23,,,,,,
81,G102,0,0,229,0,0,0,0,0,0,0,0,0,0,0,0,0,0,0,0,0,0,0,0,0,0,G102,Grimanesa,,,G102,6/9/22,13:53,Isabela,Blacktip,Carcharhinus limbatus,,1498229,,,M,,,,710,800,4.08,Y,N,,,34.28,Outgoing,23.22,Gill Net,,merged_6/9/22_Grimanesa_B1C3; merged_6/9/22_Grimanesa_B2C4; merged_6/9/22_Grimanesa_B2C5,S102,,None,7/22/22,11:24 AM,N,,,75ul in orange vial for exportation (25ul left in microcentrifuge tube for biobank storage at GSC),10/4/23,,,,,,
82,G103,0,0,0,0,0,0,0,0,0,0,0,0,0,0,0,0,0,0,0,0,0,0,0,0,33,G103,Grimanesa,,,G103,6/9/22,14:10,Isabela,Blacktip,Carcharhinus limbatus,,1499134,,,M,,,,700,870,4.19,Y,N,,,34.28,Outgoing,23.22,Gill Net,,merged_6/9/22_Grimanesa_B1C3; merged_6/9/22_Grimanesa_B2C4; merged_6/9/22_Grimanesa_B2C5,S103,,None,7/22/22,11:24 AM,N,,,75ul in orange vial for exportation (25ul left in microcentrifuge tube for biobank storage at GSC),10/4/23,,,,,,
83,G104,0,0,1,0,0,0,0,0,0,0,0,0,0,0,0,3211,0,0,0,0,0,0,0,54484,0,G104,La Bomba,,,G104,6/10/22,16:45,Santiago,Blacktip,Carcharhinus limbatus,0411,,,,F,,,,540,640,2.04,Y,N,,,35.23,Outgoing,23.56,Gill Net,,merged_6/10/22_La Bomba_B1C5; merged_6/10/22_La Bomba_B2C4; merged_6/10/22_La Bomba_B2C6,S104,,Medium (brown),7/22/22,11:24 AM,N,,,75ul in orange vial for exportation (25ul left in microcentrifuge tube for biobank storage at GSC),10/4/23,,,,,,
84,G107,0,0,0,0,0,0,0,0,0,0,0,0,0,0,0,0,0,0,0,1511,0,0,0,0,267,G105,La Bomba,,,G105,6/10/22,17:01,Santiago,Blacktip,Carcharhinus limbatus,0410,,,,M,,,,540,640,2.04,Y,Y,,,35.23,Outgoing,23.56,Gill Net,,merged_6/10/22_La Bomba_B1C5; merged_6/10/22_La Bomba_B2C4; merged_6/10/22_La Bomba_B2C6,S105,,None,7/22/22,11:24 AM,N,,,75ul in orange vial for exportation (25ul left in microcentrifuge tube for biobank storage at GSC),10/4/23,,,,,,
85,G108,0,0,0,0,0,0,0,0,0,0,0,0,0,0,0,0,0,0,0,0,0,0,0,8594,19,G106,Albermarle,,,G106,6/11/22,9:00,Isabela,Blacktip,Carcharhinus limbatus,0430,1502772,,,M,,,,670,750,3.74,Y,N,,,35.24,Incoming,22.61,Gill Net,,merged_6/11/22_Albermarle_B1C1; merged_6/11/22_Albermarle_B1C4; merged_6/11/22_Albermarle_B2C2; merged_6/11/22_Albermarle_B2C3; merged_6/11/22_Albermarle_B2C5; merged_6/11/22_Albermarle_B2C6; merged_6/11/22_Albermarle_B1C9,S106,,Light,7/22/22,11:24 AM,N,,,75ul in orange vial for exportation (25ul left in microcentrifuge tube for biobank storage at GSC),10/4/23,,,,,,
86,G110,0,0,6549,299,0,0,0,0,0,0,0,0,0,0,0,0,0,0,0,0,0,0,0,0,0,G107,Albermarle,,,G107,6/11/22,9:10,Isabela,Blacktip,Carcharhinus limbatus,0429,1501671,,,F,,,,765,890,5.78,Y,N,,,35.24,Incoming,22.61,Gill Net,,merged_6/11/22_Albermarle_B1C1; merged_6/11/22_Albermarle_B1C4; merged_6/11/22_Albermarle_B2C2; merged_6/11/22_Albermarle_B2C3; merged_6/11/22_Albermarle_B2C5; merged_6/11/22_Albermarle_B2C6; merged_6/11/22_Albermarle_B1C9,S107,,Light,7/22/22,11:24 AM,N,,,75ul in orange vial for exportation (25ul left in microcentrifuge tube for biobank storage at GSC),10/4/23,,,,,,
87,G111,0,0,32,7,0,0,0,0,0,0,0,0,0,0,0,0,0,0,0,0,0,0,0,0,0,G108,Albermarle,,,G108,6/11/22,11:14,Isabela,Blacktip,Carcharhinus limbatus,0415,,,,M,,,,610,720,2.83,Y,N,,,35.24,Incoming,22.61,Gill Net,,merged_6/11/22_Albermarle_B1C1; merged_6/11/22_Albermarle_B1C4; merged_6/11/22_Albermarle_B2C2; merged_6/11/22_Albermarle_B2C3; merged_6/11/22_Albermarle_B2C5; merged_6/11/22_Albermarle_B2C6; merged_6/11/22_Albermarle_B1C9,S108,,Light (yellowish),7/22/22,11:24 AM,N,,,75ul in orange vial for exportation (25ul left in microcentrifuge tube for biobank storage at GSC),10/4/23,,,,,,
88,G112,0,0,1937,0,0,0,0,0,0,0,0,0,0,0,0,0,0,0,0,0,0,0,0,0,2,G109,Albermarle,,,G109,6/11/22,11:36,Isabela,Blacktip,Carcharhinus limbatus,0418,,,,M,,,,660,775,3.74,Y,N,,,35.24,Incoming,22.61,Gill Net,,merged_6/11/22_Albermarle_B1C1; merged_6/11/22_Albermarle_B1C4; merged_6/11/22_Albermarle_B2C2; merged_6/11/22_Albermarle_B2C3; merged_6/11/22_Albermarle_B2C5; merged_6/11/22_Albermarle_B2C6; merged_6/11/22_Albermarle_B1C9,S109,,None,7/24/22,2:10 PM,N,,,75ul in orange vial for exportation (25ul left in microcentrifuge tube for biobank storage at GSC),10/4/23,,,,,,
89,G113,0,0,2910,0,0,0,0,0,0,0,0,0,0,0,0,0,0,0,0,0,0,0,0,0,0,G110,Punta Espinoza,,,G110,6/12/22,10:57,Fernandina,Blacktip,Carcharhinus limbatus,0419,,,,F,,,,705,840,4.65,Y,N,,,34.45,Incoming,22.45,Gill Net,,merged_6/12/22_Punta Espinoza_B1C3; merged_6/12/22_Punta Espinoza_B2C1; merged_6/12/22_Punta Espinoza_B2C2,S110,,Light,7/24/22,2:10 PM,N,,,75ul in orange vial for exportation (25ul left in microcentrifuge tube for biobank storage at GSC),10/4/23,,,,,,
90,G114,0,0,3715,0,0,0,0,0,0,0,0,0,0,0,0,0,0,0,0,0,0,0,0,0,6,G111,Punta Espinoza,,,G111,6/12/22,11:02,Fernandina,Blacktip,Carcharhinus limbatus,0427,,,,M,,,,580,705,2.72,Y,Y,,,34.45,Incoming,22.45,Gill Net,,merged_6/12/22_Punta Espinoza_B1C3; merged_6/12/22_Punta Espinoza_B2C1; merged_6/12/22_Punta Espinoza_B2C2,S111,,Light (yellowish),7/24/22,2:10 PM,N,,,75ul in orange vial for exportation (25ul left in microcentrifuge tube for biobank storage at GSC),10/4/23,,,,,,
91,G115,0,0,29914,0,0,0,0,0,0,0,0,0,0,0,0,0,0,0,0,0,0,0,0,0,69,G112,Punta Espinoza,,,G112,6/12/22,11:09,Fernandina,Blacktip,Carcharhinus limbatus,0421,,,,F,,,,700,830,4.88,Y,N,,,34.45,Incoming,22.45,Gill Net,,merged_6/12/22_Punta Espinoza_B1C3; merged_6/12/22_Punta Espinoza_B2C1; merged_6/12/22_Punta Espinoza_B2C2,S112,,None,7/24/22,2:10 PM,N,,,75ul in orange vial for exportation (25ul left in microcentrifuge tube for biobank storage at GSC),10/4/23,,,,,,
92,G118,0,0,0,0,0,0,0,0,0,0,0,0,0,0,0,0,0,0,0,0,0,0,0,0,1,G113,Punta Espinoza,,,G113,6/12/22,11:13,Fernandina,Blacktip,Carcharhinus limbatus,0420,,,,F,,,,530,625,2.27,Y,Y,,,34.45,Incoming,22.45,Gill Net,,merged_6/12/22_Punta Espinoza_B1C3; merged_6/12/22_Punta Espinoza_B2C1; merged_6/12/22_Punta Espinoza_B2C2,S113,,Light,7/24/22,2:10 PM,N,,,75ul in orange vial for exportation (25ul left in microcentrifuge tube for biobank storage at GSC),10/4/23,,,,,,
93,G119,0,0,250,0,0,0,0,0,0,0,0,0,0,0,0,0,0,0,0,0,0,0,0,0,0,G114,Punta Espinoza,,,G114,6/12/22,11:15,Fernandina,Blacktip,Carcharhinus limbatus,,,,,F,,,,490,600,1.81,Y,Y,,,34.45,Incoming,22.45,Gill Net,,merged_6/12/22_Punta Espinoza_B1C3; merged_6/12/22_Punta Espinoza_B2C1; merged_6/12/22_Punta Espinoza_B2C2,S114,,Alot,7/24/22,2:10 PM,N,,,75ul in orange vial for exportation (25ul left in microcentrifuge tube for biobank storage at GSC),10/4/23,,,,,,
94,G120,0,0,10196,12100,0,0,0,0,0,0,0,0,0,0,0,0,0,0,0,0,0,0,0,0,44,G115,Punta Espinoza,,,G115,6/12/22,11:30,Fernandina,Blacktip,Carcharhinus limbatus,0412,,,,F,,,,550,700,2.72,Y,Y,,,34.45,Incoming,22.45,Gill Net,,merged_6/12/22_Punta Espinoza_B1C3; merged_6/12/22_Punta Espinoza_B2C1; merged_6/12/22_Punta Espinoza_B2C2,S115,,Light,7/24/22,2:10 PM,N,,,75ul in orange vial for exportation (25ul left in microcentrifuge tube for biobank storage at GSC),10/4/23,,,,,,
95,G122,0,0,55,0,0,0,0,0,0,0,0,0,0,0,0,0,0,0,0,0,0,0,0,0,0,G116,Punta Espinoza,,,G116,6/12/22,11:38,Fernandina,Blacktip,Carcharhinus limbatus,0413,,,,M,,,,570,700,2.72,Y,Y,,,34.45,Incoming,22.45,Gill Net,,merged_6/12/22_Punta Espinoza_B1C3; merged_6/12/22_Punta Espinoza_B2C1; merged_6/12/22_Punta Espinoza_B2C2,S116,,None,7/24/22,2:10 PM,N,,,75ul in orange vial for exportation (25ul left in microcentrifuge tube for biobank storage at GSC),10/4/23,,,,,,
96,G123,0,0,0,0,0,0,0,0,0,0,0,0,0,0,0,0,0,0,0,0,0,0,0,0,84,G117,Puerto Chino,,,G117,6/13/22,11:19,Isabela,Blacktip,Carcharhinus limbatus,0428,1500839,,,M,,,,740,895,5.33,Y,N,,,34.15,Incoming,24.26,Gill Net,,merged_6/13/22_Puerto Chino_B1C1; merged_6/13/22_Puerto Chino_B2C2; merged_6/13/22_Puerto Chino_B2C3,S117,,Medium (greenish),7/24/22,2:10 PM,N,,,75ul in orange vial for exportation (25ul left in microcentrifuge tube for biobank storage at GSC),10/4/23,,,,,,
97,G126,0,0,0,0,0,0,0,0,0,0,0,0,0,0,0,0,0,0,0,0,0,0,0,0,22,G118,Puerto Chino,,,G118,6/13/22,11:25,Isabela,Blacktip,Carcharhinus limbatus,0426,1502273,,,M,,,,570,680,2.72,Y,N,,,34.15,Incoming,24.26,Gill Net,,merged_6/13/22_Puerto Chino_B1C1; merged_6/13/22_Puerto Chino_B2C2; merged_6/13/22_Puerto Chino_B2C3,S118,,Alot,7/25/22,1:13 PM,N,,,75ul in orange vial for exportation (25ul left in microcentrifuge tube for biobank storage at GSC),10/4/23,,,,,,
98,G135,0,0,0,0,0,0,0,0,0,0,0,0,0,0,0,0,0,0,0,0,342,0,0,0,0,G119,Puerto Chino,,,G119,6/13/22,11:44,Isabela,Blacktip,Carcharhinus limbatus,0425,1501797,,,M,,,,720,865,4.54,Y,N,,,34.15,Incoming,24.26,Gill Net,,merged_6/13/22_Puerto Chino_B1C1; merged_6/13/22_Puerto Chino_B2C2; merged_6/13/22_Puerto Chino_B2C3,S119,,Light,7/25/22,1:13 PM,N,,,75ul in orange vial for exportation (25ul left in microcentrifuge tube for biobank storage at GSC),10/4/23,,,,,,
99,G136,0,0,0,0,0,0,0,0,0,0,0,0,0,0,0,0,0,0,0,0,2,0,0,0,0,G120,Puerto Chino,,,G120,6/13/22,12:00,Isabela,Blacktip,Carcharhinus limbatus,0424,1501900,,,F,,,,765,920,5.44,Y,N,,,34.15,Incoming,24.26,Gill Net,,merged_6/13/22_Puerto Chino_B1C1; merged_6/13/22_Puerto Chino_B2C2; merged_6/13/22_Puerto Chino_B2C3,S120,,Light,7/25/22,1:13 PM,N,,,75ul in orange vial for exportation (25ul left in microcentrifuge tube for biobank storage at GSC),10/4/23,,,,,,
100,G137,0,0,69,30,0,0,0,0,0,0,0,0,0,0,0,0,0,0,0,0,4,0,0,8129,7,G121,Puerto Chino,,,G121,6/13/22,12:06,Isabela,Blacktip,Carcharhinus limbatus,0422,1499166,,,M,,,,560,670,2.72,Y,Y,,,34.15,Incoming,24.26,Gill Net,,merged_6/13/22_Puerto Chino_B1C1; merged_6/13/22_Puerto Chino_B2C2; merged_6/13/22_Puerto Chino_B2C3,S121,,Light,7/25/22,1:13 PM,N,,,75ul in orange vial for exportation (25ul left in microcentrifuge tube for biobank storage at GSC),10/4/23,,,,,,
101,G138,0,0,0,0,0,0,0,0,0,0,0,0,0,0,0,0,0,0,0,0,0,0,0,0,27,G122,Baleado,,,G122,6/14/22,9:30,Isabela,Blacktip,Carcharhinus limbatus,0422,,,,M,,,,570,680,2.72,Y,Y,,,32.43,Outgoing,21.12,Gill Net,,merged_6/14/22_Baleado_B2C1; merged_6/14/22_Baleado_B2C2,S122,,Medium (dark),7/25/22,1:13 PM,N,,,75ul in orange vial for exportation (25ul left in microcentrifuge tube for biobank storage at GSC),10/4/23,,,,,,
102,G139,0,0,1615,0,0,0,0,0,0,0,0,0,0,0,0,0,0,0,0,0,0,0,0,0,0,G123,Baleado,,,G123,6/14/22,9:32,Isabela,Blacktip,Carcharhinus limbatus,0414,,,,F,,,,560,660,2.72,Y,Y,,,32.43,Outgoing,21.12,Gill Net,,merged_6/14/22_Baleado_B2C1; merged_6/14/22_Baleado_B2C2,S123,,Medium (dark),7/25/22,1:13 PM,N,,,75ul in orange vial for exportation (25ul left in microcentrifuge tube for biobank storage at GSC),10/4/23,,,,,,
103,G164,0,0,17,1113,0,0,0,0,0,0,0,0,0,0,0,0,0,0,0,0,0,0,0,0,0,G125,Baleado,,,G125,6/14/22,9:41,Isabela,Blacktip,Carcharhinus limbatus,0417,,,,M,,,,470,560,1.93,Y,Y,,,32.43,Outgoing,21.12,Gill Net,,merged_6/14/22_Baleado_B2C1; merged_6/14/22_Baleado_B2C2,S125,,Mdeium,7/25/22,1:13 PM,N,,,75ul in orange vial for exportation (25ul left in microcentrifuge tube for biobank storage at GSC),10/4/23,,,,,,
104,G165,0,0,0,124,0,0,0,0,0,0,0,0,0,0,0,0,0,0,0,0,0,0,0,0,0,G126,Baleado,,,G126,6/14/22,9:43,Isabela,Blacktip,Carcharhinus limbatus,0700,,,,M,,,,560,670,2.72,Y,Y,,,32.43,Outgoing,21.12,Gill Net,,merged_6/14/22_Baleado_B2C1; merged_6/14/22_Baleado_B2C2,S126,,Medium,7/25/22,1:13 PM,N,,,75ul in orange vial for exportation (25ul left in microcentrifuge tube for biobank storage at GSC),10/4/23,,,,,,
105,G169,0,0,8,1769,0,0,0,0,0,0,0,0,0,0,0,0,0,0,0,0,0,0,0,0,0,G127,Baleado,,,G127,6/14/22,9:47,Isabela,Blacktip,Carcharhinus limbatus,0699,,,,F,,,,505,630,2.27,Y,Y,,,32.43,Outgoing,21.12,Gill Net,,merged_6/14/22_Baleado_B2C1; merged_6/14/22_Baleado_B2C2,S127,,Light,7/25/22,1:13 PM,N,,,75ul in orange vial for exportation (25ul left in microcentrifuge tube for biobank storage at GSC),10/4/23,,,,,,
106,G170,0,0,0,0,0,0,0,2,0,0,0,0,0,0,0,0,0,0,0,0,0,0,0,0,0,G128,Baleado,,,G128,6/14/22,9:52,Isabela,Blacktip,Carcharhinus limbatus,0698,1501809,,,F,,,,570,690,2.72,Y,N,,,32.43,Outgoing,21.12,Gill Net,,merged_6/14/22_Baleado_B2C1; merged_6/14/22_Baleado_B2C2,S128,,Medium,7/26/22,1:21 PM,N,,,75ul in orange vial for exportation (25ul left in microcentrifuge tube for biobank storage at GSC),10/4/23,,,,,,
107,G186,0,0,20,0,0,0,0,0,0,0,0,0,0,0,0,0,0,0,0,0,0,221,0,0,0,G129,Baleado,,,G129,6/14/22,9:56,Isabela,Blacktip,Carcharhinus limbatus,0697,1498836,,,M,,,,525,630,2.27,Y,Y,,,32.43,Outgoing,21.12,Gill Net,,merged_6/14/22_Baleado_B2C1; merged_6/14/22_Baleado_B2C2,S129,,Light,7/26/22,1:21 PM,N,,,75ul in orange vial for exportation (25ul left in microcentrifuge tube for biobank storage at GSC),10/6/23,,,,,,
108,G187,0,0,49,0,0,0,0,0,0,0,0,0,0,0,0,0,0,0,0,0,0,0,10,0,0,G134,El Mulle de Balleno,,,G134,6/15/22,,Isabela,Blacktip,Carcharhinus limbatus,0691,1501026,,,M,,,,530,630,2.04,Y,N,,,33.1,Incoming,22.59,Gill Net,,merged_6/15/22_El Muelle de Balleno_B2C4; merged_6/15/22_El Muelle de Balleno_B2C5,S134,Line Parasite,Medium,7/26/22,1:21 PM,N,,,75ul in orange vial for exportation (25ul left in microcentrifuge tube for biobank storage at GSC),,,,,,,
109,G188,0,0,0,0,0,0,0,0,0,0,12,0,0,0,0,0,0,0,0,0,0,0,35,0,0,G135,El Mulle de Balleno,,,G135,6/15/22,,Isabela,Blacktip,Carcharhinus limbatus,0690,1500813,,,M,,,,510,610,2.04,Y,Y,,,33.1,Incoming,22.59,Gill Net,,merged_6/15/22_El Muelle de Balleno_B2C4; merged_6/15/22_El Muelle de Balleno_B2C5,S135,,Light,7/26/22,1:21 PM,N,,,75ul in orange vial for exportation (25ul left in microcentrifuge tube for biobank storage at GSC),,,,,,,
110,G189,0,0,0,0,0,0,0,0,0,0,0,0,0,0,0,0,0,0,0,0,0,0,8,0,0,G136,El Mulle de Balleno,,,G136,6/15/22,,Isabela,Blacktip,Carcharhinus limbatus,0689,1482339,,,M,,,,570,670,2.04,Y,Y,,,33.1,Incoming,22.59,Gill Net,,merged_6/15/22_El Muelle de Balleno_B2C4; merged_6/15/22_El Muelle de Balleno_B2C5,S136,,Light,7/26/22,1:21 PM,N,,,75ul in orange vial for exportation (25ul left in microcentrifuge tube for biobank storage at GSC),,,,,,,
111,G191,0,0,0,0,0,135,0,0,0,0,0,0,0,0,0,0,0,0,0,0,0,0,0,0,0,G137,El Mulle de Balleno,,,G137,6/15/22,8:10,Isabela,Blacktip,Carcharhinus limbatus,0688,1482339,,,M,,,,520,630,2.27,Y,N,,,33.1,Incoming,22.59,Gill Net,,merged_6/15/22_El Muelle de Balleno_B2C4; merged_6/15/22_El Muelle de Balleno_B2C5,S137,,Light,7/26/22,1:21 PM,N,,,75ul in orange vial for exportation (25ul left in microcentrifuge tube for biobank storage at GSC),,,,,,,
,,,,,,,,,,,,,,,,,,,,,,,,,,,G138,El Mulle de Balleno,,,G138,6/15/22,8:21,Isabela,Blacktip,Carcharhinus limbatus,0687,1503657,,,M,,,,530,630,2.27,Y,Y,,,33.1,Incoming,22.59,Gill Net,,merged_6/15/22_El Muelle de Balleno_B2C4; merged_6/15/22_El Muelle de Balleno_B2C5,S138,,Medium,7/26/22,1:21 PM,N,,,75ul in orange vial for exportation (25ul left in microcentrifuge tube for biobank storage at GSC),,,,,,,
,,,,,,,,,,,,,,,,,,,,,,,,,,,G139,Cartago Bay,,,G139,6/15/22,15:05,Isabela,Blacktip,Carcharhinus limbatus,0686,,,,F,,,,560,690,2.72,Y,Y,,,35.15,Outgoing,24.11,Gill Net,,merged_6/15/22_Cartago Bay_B1C7; merged_6/15/22_Cartago Bay_B2C1; merged_6/15/22_Cartago Bay_B2C2,S139,,Light,7/26/22,1:21 PM,N,,,75ul in orange vial for exportation (25ul left in microcentrifuge tube for biobank storage at GSC),,,,,,,
,,,,,,,,,,,,,,,,,,,,,,,,,,,G163,Cartago Bay,,,G163,2/23/23,16:25,Isabela,Blacktip,Carcharhinus limbatus,,,,,M,,260,,640,670,,N,Y,,,32.13,Incoming,29.98,Hooks,2/23/23,merged,,Closed umbilical scar,Medium (yellow),3/4/23,4:27 PM,N,,3/6/23,,,,,,,,
,,,,,,,,,,,,,,,,,,,,,,,,,,,G164,Cartago Bay,,,G164,2/23/23,16:47,Isabela,Blacktip,Carcharhinus limbatus,,,,,F,,250,,550,680,,N,Y,,,32.13,Incoming,29.98,Hooks,2/23/23,merged,,Closed umbilical scar,Medium (yellow),3/4/23,4:27 PM,N,,3/6/23,,,,,,,,
,,,,,,,,,,,,,,,,,,,,,,,,,,,G165,Cartago Bay,,,G165,2/23/23,17:04,Isabela,Blacktip,Carcharhinus limbatus,,,,,F,,250,,520,660,,N,Y,,,32.13,Incoming,29.98,Hooks,2/23/23,merged,,Closed umbilical scar,Medium,3/4/23,4:27 PM,N,,3/6/23,,,,,,,,
,,,,,,,,,,,,,,,,,,,,,,,,,,,G166,Cartago Bay,,,G166,2/23/23,17:08,Isabela,Blacktip,Carcharhinus limbatus,,,,,M,,260,,510,660,,N,Y,,,32.13,Incoming,29.98,Hooks,2/23/23,merged,,Closed umbilical scar,Medium (green),3/4/23,4:27 PM,N,,3/6/23,Accidentally added G160 to G166 so they only got 500ul of each not the second allocate,,,,,,,
,,,,,,,,,,,,,,,,,,,,,,,,,,,G169,Cartago Bay,,,G169,2/24/23,18:13,Isabela,Blacktip,Carcharhinus limbatus,,,,,M,,240,,470,600,,N,Y,,,32.13,Incoming,29.78,Hooks,2/24/23,merged,,Closed umbilical scar,Alot (dark),3/4/23,4:27 PM,N,,3/6/23,,,,,,,,
,,,,,,,,,,,,,,,,,,,,,,,,,,,G170,Cartago Bay,,,G170,2/24/23,18:14,Isabela,Blacktip,Carcharhinus limbatus,,,,,M,,280,,510,650,,N,,,,32.13,Incoming,29.78,Hooks,2/24/23,merged,,,Alot (dark),3/4/23,4:27 PM,N,,3/6/23,,,,,,,,
,,,,,,,,,,,,,,,,,,,,,,,,,,,G186,Rosa Blanca 2,,,G186,7/8/23,12:25,San Cristobal,Blacktip,Carcharhinus limbatus,,,,,F,,310,,620,810,,N,N,,,34.28,Outgoing,26.92,Gill Net,,,,,Light,7/9/23,11:00 AM,N,,7/10/23,,,,,,,,
,,,,,,,,,,,,,,,,,,,,,,,,,,,G187,Rosa Blanca 2,,,G187,7/8/23,,San Cristobal,Blacktip,Carcharhinus limbatus,,,,,M,,280,,610,770,,Y,N,,,34.28,Outgoing,26.92,Gill Net,,,,,Medium,7/9/23,11:00 AM,N,,7/10/23,,,,,,,,
,,,,,,,,,,,,,,,,,,,,,,,,,,,G188,Rosa Blanca 2,,,G188,7/8/23,,San Cristobal,Blacktip,Carcharhinus limbatus,,,,,M,,300,,580,740,,N,N,,,34.28,Outgoing,26.92,Gill Net,,,,,Alot (dark),7/9/23,11:00 AM,N,,7/10/23,,,,,,,,
,,,,,,,,,,,,,,,,,,,,,,,,,,,G189,Rosa Blanca 2,,,G189,7/8/23,,San Cristobal,Blacktip,Carcharhinus limbatus,,,,,M,,270,,580,740,,N,N,,,34.28,Outgoing,26.92,Gill Net,,,,,Light,7/9/23,11:00 AM,N,,7/10/23,,,,,,,,
,,,,,,,,,,,,,,,,,,,,,,,,,,,G190,Rosa Blanca 2,,,G190,7/8/23,,San Cristobal,Blacktip,Carcharhinus limbatus,,,,,M,,280,,580,740,,N,N,,,34.28,Outgoing,26.92,Gill Net,,,,,Medium,7/9/23,11:00 AM,N,,7/10/23,,,,,,,,
,,,,,,,,,,,,,,,,,,,,,,,,,,,G191,Rosa Blanca 2,,,G191,7/8/23,12:40,San Cristobal,Blacktip,Carcharhinus limbatus,,,,,F,,280,,570,730,,N,N,,,34.28,Outgoing,26.92,Gill Net,,,,,Alot (dark),7/9/23,11:00 AM,N,,7/10/23,,,,,,,,