"","sample","Sphyrna lewini 1","Stegastes arcifrons 1","Mugil thoburni 1","Mugil cephalus 1","Decapterus genus 1","Hemiramphus lutkei 1","Stegastes beebei 1","Sphoeroides annulatus 1","Sardinops genus 1","Euthynnus affinis 1","Scarus ghobban 1","Anisotremus scapularis 1","Muraena lentiginosa 1","Caranx crysos 1","Lutjanus genus 1","Teleophrys cristulipes 1","Grapsus grapsus 1","Pachygrapsus socius 1","Amphipholis squamata 1","Calappa convexa 1","Thunnus genus 1","Selar crumenophthalmus 1","Fistularia commersonii 1","Semicossyphus pulcher 1","Meiosquilla dawsoni 1","Achelous tuberculatus 1","Palaemon ritteri 1","Microcassiope xantusii 1","Abudefduf","Actinopteri","sample_id","Site.Name","nb_reads","nb_motus","Sample.ID","Date.Collected..MM.DD.YYYY.","Time.Net.Set..or.catch.","Island","Species..common.name.","Species..scientific.name.","Spaghetti.Tag.ID","PIT.Tag.ID","Satellite.Tag.ID","Acoustic.Tag.ID","Sex","Lateral..mm.","Girth..mm.","Proximal..mm.","Fork.Length..mm.","Stretched.Total.Length..mm.","Weight..kg.","Blood..Y.N.","Umbilical.Scar..Y.N.","Recapture.Spaghetti.Tag.ID","Recapture.PIT.Tag.ID","Salinity..ppt.","Tide","Water.Temperature..C.","Method.of.Capture","Associated.Water.Sample.IDs","BRUV.File.Name","Assosiated.DNA.Blood.Sample","Fishing.Notes","Swab.Appearence","Date.Extraction.Started","Time.placed.in.incubator.for.Step.2","Placed.in.feezer.after.step.5...Y.N.","If.placed.in.freezer.what.date.","Date.fully.extracted","DNA.Extraction.Notes","Date.of.1st.PCR","X","X.1","X.2","X.3","X.4","X.5"
"1","order","Carcharhiniformes","Actinopteri class","Mugiliformes","Mugiliformes","Carangiformes","Beloniformes","Actinopteri class","Tetraodontiformes","Clupeiformes","Scombriformes","Labriformes","Lutjaniformes","Anguilliformes","Carangiformes","Lutjaniformes","Decapoda","Decapoda","Decapoda","Amphilepidida","Decapoda","Scombriformes","Carangiformes","Syngnathiformes","Labriformes","Stomatopoda","Decapoda","Decapoda","Decapoda","Perciformes","Actinopteri class",NA,NA,NA,NA,NA,NA,NA,NA,NA,NA,NA,NA,NA,NA,NA,NA,NA,NA,NA,NA,NA,NA,NA,NA,NA,NA,NA,NA,NA,NA,NA,NA,NA,NA,NA,NA,NA,NA,NA,NA,NA,NA,NA,NA,NA,NA,NA
"2","family","Carcharhinidae","Pomacentridae","Mugilidae","Mugilidae","Carangidae","Hemiramphidae","Pomacentridae","Tetraodontidae","Clupeidae","Scombridae","Labridae","Haemulidae","Muraenidae","Carangidae","Lutjanidae","Mithracidae","Grapsidae","Grapsidae","Amphiuridae","Calappidae","Scombridae","Carangidae","Fistulariidae","Labridae","Squillidae","Portunidae","Palaemonidae","Xanthidae","Pomacentridae","Actinopteri class",NA,NA,NA,NA,NA,NA,NA,NA,NA,NA,NA,NA,NA,NA,NA,NA,NA,NA,NA,NA,NA,NA,NA,NA,NA,NA,NA,NA,NA,NA,NA,NA,NA,NA,NA,NA,NA,NA,NA,NA,NA,NA,NA,NA,NA,NA,NA
"3","genus","Sphyrna","Stegastes","Mugil","Mugil","Decapterus","Hemiramphus","Stegastes","Sphoeroides","Sardinops","Euthynnus","Scarus","Anisotremus","Muraena","Caranx","Lutjanus","Teleophrys","Grapsus","Pachygrapsus","Amphipholis","Calappa","Thunnus","Selar","Fistularia","Semicossyphus","Meiosquilla","Achelous","Palaemon","Microcassiope","Abudefduf","Actinopteri class",NA,NA,NA,NA,NA,NA,NA,NA,NA,NA,NA,NA,NA,NA,NA,NA,NA,NA,NA,NA,NA,NA,NA,NA,NA,NA,NA,NA,NA,NA,NA,NA,NA,NA,NA,NA,NA,NA,NA,NA,NA,NA,NA,NA,NA,NA,NA
"4","species","Sphyrna lewini","Stegastes arcifrons","Mugil thoburni","Mugil cephalus","Decapterus genus","Hemiramphus lutkei","Stegastes beebei","Sphoeroides annulatus","Sardinops genus","Euthynnus affinis","Scarus ghobban","Anisotremus scapularis","Muraena lentiginosa","Caranx crysos","Lutjanus genus","Teleophrys cristulipes","Grapsus grapsus","Pachygrapsus socius","Amphipholis squamata","Calappa convexa","Thunnus genus","Selar crumenophthalmus","Fistularia commersonii","Semicossyphus pulcher","Meiosquilla dawsoni","Achelous tuberculatus","Palaemon ritteri","Microcassiope xantusii","Abudefduf genus","Actinopteri class",NA,NA,NA,NA,NA,NA,NA,NA,NA,NA,NA,NA,NA,NA,NA,NA,NA,NA,NA,NA,NA,NA,NA,NA,NA,NA,NA,NA,NA,NA,NA,NA,NA,NA,NA,NA,NA,NA,NA,NA,NA,NA,NA,NA,NA,NA,NA
"5","con_G15","2","1","4","0","0","0","0","0","0","0","0","0","0","0","0","0","0","0","0","0","0","0","0","0","0","0","0","0","1","0","con_G15","La Seca",8673,8,"Control_G15","06/14/2021","9:32","San Cristobal","Blacktip","Carcharhinus limbatus",NA,NA,NA,NA,"F",NA,NA,NA,564,695,NA,"Y",NA,NA,NA,34.8,"Outgoing",23.62,"Seine Net","","","","","None","6/15/21","4:00 PM","Y","6/16/21","6/19/21","Was left in green cooler with no ice for a few hours; DNA extraction tube named ""control outside rub""",NA,NA,NA,NA,NA,NA,NA
"6","con_G31","   3","   0","   0","3401","   0","   1","   2","   0","   0","   0","   0","   0","   0","   0","   0","   0","   0","   0","   0","   0","   0","   0","   0","   0","   0","   0","   0","   0","   1","   0","con_G31","La Seca",30069,10,"Control G31","06/15/2021","9:51","San Cristobal","Blacktip","Carcharhinus limbatus",NA,NA,NA,NA,"M",NA,NA,NA,555,698,NA,"Y",NA,NA,NA,34.91,"",24.65,"Seine Net","GW12","","S31"," ","None","6/15/21","4:00 PM","Y","6/16/21","6/19/21","",NA,NA,NA,NA,NA,NA,NA
"7","con_G43"," 6"," 0"," 2"," 1"," 0"," 0"," 2"," 2"," 0"," 0"," 0"," 0"," 0"," 0"," 0"," 0"," 0"," 0"," 0"," 0"," 0"," 0"," 0"," 0"," 0"," 0"," 0"," 0","10"," 0","con_G43","Rosa Blanca 1",40603,10,"Control G43","06/23/2021","6:50","San Cristobal","Blacktip","Carcharhinus limbatus",NA,NA,NA,NA,"F",NA,NA,NA,554,686,NA,"Y",NA,NA,NA,32.59,"Outgoing",23.33,"Seine Net","","merged_6/23/21_Rosa Blanca 1_B2C1; merged_6/23/21_Rosa Blanca 1_B2C2","S43","","None","6/23/21","6:30 PM","N","","6/24/21","",NA,NA,NA,NA,NA,NA,NA
"8","G001","    0","    1","22050"," 1544","    2","    1","    0","    0","    0","    0","    0","    0","    0","    0","    0","    0","    0","    0","    0","    0","    0","    0","    0","    0","    0","    0","    0","    0"," 1013","    0","G001","Rosa Blanca 1",24658,32,"G1","06/12/2021","6:58","San Cristobal","Blacktip","Carcharhinus limbatus",NA,NA,NA,NA,"F",NA,NA,NA,545,694,NA,"Y",NA,NA,NA,NA,"Incoming",NA,"Seine Net","GW1, GW2, GW3, GW4","merged_6/12/21_Rosa Blanca 1_B2C1; merged_6/12/21_Rosa Blanca 1_B2C2","S1",""," ","6/13/21","6:00 PM","N","","6/13/21","Used 96% ethanol from marine ecology lab",NA,NA,NA,NA,NA,NA,NA
"9","G002","    0","    0","    9","    1","    0","14950","    0","    0","    0","    0","    0","    0","    0","    0","    0","    0","    0","    0","    0","    0","    0","    0","    0","    0","    0","    0","    0","    0","    0","    0","G002","Rosa Blanca 1",28617,11,"G2","06/12/2021","6:58","San Cristobal","Blacktip","Carcharhinus limbatus",NA,NA,NA,NA,"F",NA,NA,NA,525,660,NA,"Y",NA,NA,NA,NA,"Incoming",NA,"Seine Net","GW1, GW2, GW3, GW4","merged_6/12/21_Rosa Blanca 1_B2C1; merged_6/12/21_Rosa Blanca 1_B2C2","S2",""," ","6/13/21","6:00 PM","N","","6/13/21","Used 96% ethanol from marine ecology lab",NA,NA,NA,NA,NA,NA,NA
"10","G003","    0","    0","   43","    0","    0","22320","    2","    0","    0","    0","  104","    0","    0","    0","    0","    0","    0","    0","    0","    0","    0","    0","    0","    0","    0","    0","    0","    0","   76","    0","G003","Rosa Blanca 1",37068,14,"G3","06/12/2021","6:58","San Cristobal","Blacktip","Carcharhinus limbatus",NA,NA,NA,NA,"M",NA,NA,NA,555,710,NA,"Y",NA,NA,NA,NA,"Incoming",NA,"Seine Net","GW1, GW2, GW3, GW4","merged_6/12/21_Rosa Blanca 1_B2C1; merged_6/12/21_Rosa Blanca 1_B2C2","S3",""," ","6/13/21","6:00 PM","N","","6/13/21","Used 96% ethanol from marine ecology lab",NA,NA,NA,NA,NA,NA,NA
"11","G004","   4","   0","8001","1291","   0","   5","   6","   3","   0","   0","   0","   0","   0","   0","   0","   0","   0","   0","   0","   0","   0","   0","   0","   0","   0","   0","   0","   0","   3","   0","G004","Rosa Blanca 1",16412,26,"G4","06/12/2021","6:58","San Cristobal","Blacktip","Carcharhinus limbatus",NA,NA,NA,NA,"M",NA,NA,NA,537,683,NA,"Y",NA,NA,NA,NA,"Incoming",NA,"Seine Net","GW1, GW2, GW3, GW4","merged_6/12/21_Rosa Blanca 1_B2C1; merged_6/12/21_Rosa Blanca 1_B2C2","S4",""," ","6/13/21","6:00 PM","N","","6/13/21","Partial liquid evaporation after step 2 incubation; Used 96% ethanol from marine ecology lab",NA,NA,NA,NA,NA,NA,NA
"12","G005","   0","   5","   5","   1","   0","9151","   2","   0","   0","   0","   0","   0","   0","   0","   0","   0","   0","   0","   0","   0","   0","   0","   0","   0","   0","   0","   0","   0","   3","   0","G005","Rosa Blanca 1",17106,13,"G5","06/12/2021","9:00","San Cristobal","Blacktip","Carcharhinus limbatus",NA,NA,NA,NA,"M",NA,NA,NA,571,714,NA,"Y",NA,NA,NA,NA,"Incoming",NA,"Gill Net","GW1, GW2, GW3, GW4","merged_6/12/21_Rosa Blanca 1_B2C1; merged_6/12/21_Rosa Blanca 1_B2C2","S5","Haley took this swab and I'm not sure if she went past the sphincter","None","6/13/21","6:00 PM","N","","6/13/21","All liquid evaporated after step 2 so I added 325ul of water to rehydrate; Used 96% ethanol from marine ecology lab",NA,NA,NA,NA,NA,NA,NA
"13","G006","    1","    0","    4","    0","    0","   10","    0","    0","    0","    0","    0","   59","    0","    0","    0","    0","    0","    0","    0","    0","    0","    0","    0","    0","    0","    0","    0","    0","22627","    0","G006","Puerto Grande",24830,23,"G6","06/14/2021","6:29","San Cristobal","Blacktip","Carcharhinus limbatus",NA,NA,NA,NA,"M",NA,NA,NA,550,640,NA,"Y",NA,NA,NA,34.85,"Outgoing",23.29,"Gill Net","","merged_6/14/21_Puerto Grande_B2C1; merged_6/14/21_Puerto Grande_B2C2","S6","","Medium","6/15/21","4:00 PM","Y","6/16/21","6/18/21","",NA,NA,NA,NA,NA,NA,NA
"14","G007","  1","  0","  6","337","  0","  6","  0","  0","  0"," 76","  0"," 22"," 94","  0","  0","  0","  0","  0","  0","  0","  0","  0","  0","  0","  0","  0","  0","  0","  1"," 56","G007","Puerto Grande",7107,11,"G7","06/14/2021","6:29","San Cristobal","Blacktip","Carcharhinus limbatus",NA,NA,NA,NA,"F",NA,NA,NA,590,730,NA,"Y",NA,NA,NA,34.85,"Outgoing",23.29,"Gill Net","","merged_6/14/21_Puerto Grande_B2C1; merged_6/14/21_Puerto Grande_B2C2","S7","","Alot","6/15/21","4:00 PM","Y","6/16/21","6/18/21","",NA,NA,NA,NA,NA,NA,NA
"15","G008","2","0","5","0","0","2","0","0","0","0","0","0","0","0","0","0","0","0","0","0","0","0","0","0","0","0","0","0","6","0","G008","Puerto Grande",328,8,"G8","06/14/2021","6:29","San Cristobal","Blacktip","Carcharhinus limbatus",NA,NA,NA,NA,"F",NA,NA,NA,585,720,NA,"Y",NA,NA,NA,34.85,"Outgoing",23.29,"Gill Net","","merged_6/14/21_Puerto Grande_B2C1; merged_6/14/21_Puerto Grande_B2C2","S8","","Medium","6/15/21","4:00 PM","Y","6/16/21","6/19/21","",NA,NA,NA,NA,NA,NA,NA
"16","G009","    1","    3","    3","    0","    3","    0","    0","    0","    0","    0","    0","    0","    0","    0","   43","    0","    0","    0","    0","    0","    0","    0","    0","    0","    0","    0","    0","    0","25328","    0","G009","Puerto Grande",25622,25,"G9","06/14/2021","6:29","San Cristobal","Blacktip","Carcharhinus limbatus",NA,NA,NA,NA,"M",NA,NA,NA,550,680,NA,"Y",NA,NA,NA,34.85,"Outgoing",23.29,"Gill Net","","merged_6/14/21_Puerto Grande_B2C1; merged_6/14/21_Puerto Grande_B2C2","S9","","Medium","6/15/21","4:00 PM","Y","6/16/21","6/18/21","",NA,NA,NA,NA,NA,NA,NA
"17","G010","    2","21835","    5","    0","    0","    1","    0","    0","    0","    0","    0","    0","    0","    0","    0","    0","    0","    0","    0","    0","    0","    0","    0","    0","    0","    0","    0","    0","    3","    0","G010","Puerto Grande",22308,27,"G10","06/14/2021","6:29","San Cristobal","Blacktip","Carcharhinus limbatus",NA,NA,NA,NA,"M",NA,NA,NA,540,650,NA,"Y",NA,NA,NA,34.85,"Outgoing",23.29,"Gill Net","","merged_6/14/21_Puerto Grande_B2C1; merged_6/14/21_Puerto Grande_B2C2","S10","","Light","6/15/21","4:00 PM","Y","6/16/21","6/19/21","Mostly evaporated but didn't add water",NA,NA,NA,NA,NA,NA,NA
"18","G011","  0","  0","  0","  0","  0","  2","  1","  0","  0","  0","  0","  0","105","  0","  0","  0","  0","  0","  0","  0","  0","  0","  0","  0","  0","  0","  0","  0","  1","  0","G011","Puerto Grande",193,6,"G11","06/14/2021","6:29","San Cristobal","Blacktip","Carcharhinus limbatus",NA,NA,NA,NA,"M",NA,NA,NA,550,670,NA,"Y",NA,NA,NA,34.85,"Outgoing",23.29,"Gill Net","","merged_6/14/21_Puerto Grande_B2C1; merged_6/14/21_Puerto Grande_B2C2","S11","","Medium","6/15/21","4:00 PM","Y","6/16/21","6/19/21","",NA,NA,NA,NA,NA,NA,NA
"19","G012","  4","  1","116"," 55","  0","  0","  9","  3","  0","  0","  0","  0","  0","  0","  0","  0","  0","  0","  0","  0","  0","  0","  0","  0","  0","  0","  0","  0","  7","  0","G012","Puerto Grande",24370,12,"G12","06/14/2021","6:29","San Cristobal","Blacktip","Carcharhinus limbatus",NA,NA,NA,NA,"F",NA,NA,NA,540,690,NA,"Y",NA,NA,NA,34.85,"Outgoing",23.29,"Gill Net","","merged_6/14/21_Puerto Grande_B2C1; merged_6/14/21_Puerto Grande_B2C2","S12","","Light","6/15/21","4:00 PM","Y","6/16/21","6/18/21","",NA,NA,NA,NA,NA,NA,NA
"20","G013","   0","   3","   0","   0","   0","   1","9158","   0","   0","   0","   0","   0","   0","   0","   0","   0","   0","   0","   0","   0","   0","   0","   0","   0","   0","   0","   0","   0","   3","   0","G013","Puerto Grande",37703,29,"G13","06/14/2021","6:29","San Cristobal","Blacktip","Carcharhinus limbatus",NA,NA,NA,NA,"M",NA,NA,NA,550,675,NA,"Y",NA,NA,NA,34.85,"Outgoing",23.29,"Gill Net","","merged_6/14/21_Puerto Grande_B2C1; merged_6/14/21_Puerto Grande_B2C2","S13","","Alot","6/15/21","4:00 PM","Y","6/16/21","6/18/21","",NA,NA,NA,NA,NA,NA,NA
"21","G014","  3","  0","263","  0","  0","  0","  4","  0","  0","  0","  0","  0","  0","  0","  0","  0","  0","  0","  0","  0","  0","  0","  0","  0","  0","  0","  0","  0","  5","  0","G014","La Seca",26894,7,"G14","06/14/2021","9:32","San Cristobal","Blacktip","Carcharhinus limbatus",NA,NA,NA,NA,"M",NA,NA,NA,550,678,NA,"Y",NA,NA,NA,34.8,"Outgoing",23.62,"Seine Net","","","S14","","None","6/15/21","4:00 PM","Y","6/16/21","6/18/21","",NA,NA,NA,NA,NA,NA,NA
"22","G015","12"," 3"," 1"," 0"," 0"," 0"," 6"," 0"," 0"," 0"," 0"," 0"," 0"," 0"," 0"," 0"," 0"," 0"," 0"," 0"," 0"," 0"," 0"," 0"," 0"," 0"," 0"," 0"," 1"," 0","G015","La Seca",39162,14,"G15","06/14/2021","9:32","San Cristobal","Blacktip","Carcharhinus limbatus",NA,NA,NA,NA,"F",NA,NA,NA,564,695,NA,"Y",NA,NA,NA,34.8,"Outgoing",23.62,"Seine Net","","","S15","","Light (greenish)","6/15/21","4:00 PM","Y","6/16/21","6/18/21","Dropped swab in tube holder when cutting",NA,NA,NA,NA,NA,NA,NA
"23","G016"," 0"," 0"," 0"," 0"," 0"," 0"," 0"," 0"," 0"," 0"," 0"," 0"," 0"," 0"," 0"," 0"," 0"," 0"," 0"," 0"," 0"," 0"," 0"," 0"," 0"," 0"," 0"," 0"," 2","13","G016","La Seca",5772,4,"G16","06/14/2021","9:32","San Cristobal","Blacktip","Carcharhinus limbatus",NA,NA,NA,NA,"F",NA,NA,NA,530,655,NA,"Y",NA,NA,NA,34.8,"Outgoing",23.62,"Seine Net","","","S16","","Alot","6/15/21","4:00 PM","Y","6/16/21","6/19/21","",NA,NA,NA,NA,NA,NA,NA
"24","G017","0","5","2","0","1","0","2","0","0","0","0","0","0","0","0","0","0","0","0","0","0","0","0","0","0","0","0","0","7","0","G017","La Seca",19985,8,"G17","06/14/2021","9:32","San Cristobal","Blacktip","Carcharhinus limbatus",NA,NA,NA,NA,"M",NA,NA,NA,550,678,NA,"Y",NA,NA,NA,34.8,"Outgoing",23.62,"Seine Net","","","S17","","Light (greenish)","6/15/21","4:00 PM","Y","6/16/21","6/18/21","",NA,NA,NA,NA,NA,NA,NA
"25","G018","    1","    2","    6","    0","    0","    0","18163","    0","    1","    0","    0","    0","    0","    0","    0","    0","    0","    0","    0","    0","    0","    0","    0","    0","    0","    0","    0","    0","    1","    0","G018","La Seca",21594,36,"G18","06/14/2021","9:32","San Cristobal","Blacktip","Carcharhinus limbatus",NA,NA,NA,NA,"M",NA,NA,NA,560,685,NA,"Y",NA,NA,NA,34.8,"Outgoing",23.62,"Seine Net","","","S18","","Light (yellowish)","6/15/21","4:00 PM","Y","6/16/21","6/18/21","",NA,NA,NA,NA,NA,NA,NA
"26","G019","   0","   0","2544","   0","   0","   1","  12","   1","   0","   0","   0","   0","   0","   0","   0","   0","   0","   0","   0","   0","   0","   0","   0","   0","   0","   0","   0","   0","   2","   0","G019","Puerto Grande",29301,13,"G19","06/15/2021","5:45","San Cristobal","Blacktip","Carcharhinus limbatus",NA,NA,NA,NA,"F",NA,NA,NA,565,704,NA,"N",NA,NA,NA,34.76,"Outgoing",23.95,"Seine Net","GW9, GW10, GW11","merged_6/15/21_Puerto Grande_B2C1; merged_6/15/21_Puerto Grande_B2C2","","","Light","6/15/21","4:00 PM","Y","6/16/21","6/18/21","",NA,NA,NA,NA,NA,NA,NA
"27","G020","    4"," 8849","    1","    0","    0","    0","   10","37167","    0","    0","    0","    0","    0","    0","    0","    0","    0","    0","    0","    0","    0","    0","    0","    0","    0","    0","    0","    0","    6","    0","G020","Puerto Grande",60411,35,"G20","06/15/2021","5:45","San Cristobal","Blacktip","Carcharhinus limbatus",NA,NA,NA,NA,"M",NA,NA,NA,555,700,NA,"N",NA,NA,NA,34.76,"Outgoing",23.95,"Seine Net","GW9, GW10, GW11","merged_6/15/21_Puerto Grande_B2C1; merged_6/15/21_Puerto Grande_B2C2","","","Alot","6/15/21","4:00 PM","Y","6/16/21","6/18/21","",NA,NA,NA,NA,NA,NA,NA
"28","G021","    0","    7","    1","    0","    0","    0","18649","    7","    0","    0","    0","    0","    0","    0","    0","    0","    0","    0","    0","    0","    0","    0","    0","    0","    0","    0","    0","    0","14466","    0","G021","Puerto Grande",33440,50,"G21","06/15/2021","6:25","San Cristobal","Blacktip","Carcharhinus limbatus",NA,NA,NA,NA,"F",NA,NA,NA,540,655,NA,"Y",NA,NA,NA,34.76,"Outgoing",23.95,"Gill Net","GW9, GW10, GW11","merged_6/15/21_Puerto Grande_B2C1; merged_6/15/21_Puerto Grande_B2C2","S21","","Medium","6/15/21","4:00 PM","Y","6/16/21","6/18/21","",NA,NA,NA,NA,NA,NA,NA
"29","G022","  1","  0"," 10","  0","  0","  0","320","  1","  0","  0","  0","  0","  0","  0","  0","  0","  0","  0","  0","  0","  0","  0","  0","  0","  0","  0","  0","  0","  7"," 94","G022","Puerto Grande",16337,14,"G22","06/15/2021","7:25","San Cristobal","Blacktip","Carcharhinus limbatus",NA,NA,NA,NA,"M",NA,NA,NA,550,750,NA,"Y",NA,NA,NA,34.76,"Outgoing",23.95,"Gill Net","GW9, GW10, GW11","merged_6/15/21_Puerto Grande_B2C1; merged_6/15/21_Puerto Grande_B2C2","S22","","Medium","6/15/21","4:00 PM","Y","6/16/21","6/18/21","",NA,NA,NA,NA,NA,NA,NA
"30","G023","  8","  2","  1","414","  0","  0"," 16","  2","  0","  0","  0","  0","  0","  0","  0","  0","  0","  0","  0","  0","  0","  0","  0","  0","  0","  0","  0","  0","  0","  0","G023","Puerto Grande",47340,13,"G23","06/15/2021","8:25","San Cristobal","Blacktip","Carcharhinus limbatus",NA,NA,NA,NA,"M",NA,NA,NA,590,710,NA,"Y",NA,NA,NA,34.76,"Outgoing",23.95,"Gill Net","GW9, GW10, GW11","merged_6/15/21_Puerto Grande_B2C1; merged_6/15/21_Puerto Grande_B2C2","S23","","Medium","6/15/21","4:00 PM","Y","6/16/21","6/18/21","",NA,NA,NA,NA,NA,NA,NA
"31","G024","  1","  0","  0","  0","  0","  0","  2","  3","  0","378","  0","  0","  0","  0","  0","  0","  0","  0","  0","  0","  0","  0","  0","  0","  0","  0","  0","  0","  1","  0","G024","Puerto Grande",44728,7,"G24","06/15/2021","9:25","San Cristobal","Blacktip","Carcharhinus limbatus",NA,NA,NA,NA,"F",NA,NA,NA,530,650,NA,"Y",NA,NA,NA,34.76,"Outgoing",23.95,"Gill Net","GW9, GW10, GW11","merged_6/15/21_Puerto Grande_B2C1; merged_6/15/21_Puerto Grande_B2C2","S24","","Light","6/15/21","4:00 PM","Y","6/16/21","6/18/21","",NA,NA,NA,NA,NA,NA,NA
"32","G025","    2","29320","    3","    1","    4","    0","    1","    0","    0","    0","    0","    0","    0","    0","    0","    0","    0","    0","    0","    0","    0","    0","    0","    0","    0","    0","    0","    0","    2","    0","G025","La Seca",39738,30,"G25","06/15/2021","9:51","San Cristobal","Blacktip","Carcharhinus limbatus",NA,NA,NA,NA,"M",NA,NA,NA,530,630,NA,"Y",NA,NA,NA,34.91,"",24.65,"Seine Net","GW12","","S25","Gill parasite","Medium","6/15/21","4:00 PM","Y","6/16/21","6/18/21","",NA,NA,NA,NA,NA,NA,NA
"33","G026","    1","    5","35437","   17","    0","    1","    4","    0","    0","    0","    0","    0","    0","    0","    0","    0","    0","    0","    0","    0","    0","    0","    0","    0","    0","    0","    0","    0","    0","    0","G026","La Seca",47388,22,"G26","06/15/2021","9:51","San Cristobal","Blacktip","Carcharhinus limbatus",NA,NA,NA,NA,"F",NA,NA,NA,535,670,NA,"Y",NA,NA,NA,34.91,"",24.65,"Seine Net","GW12","","S26"," ","Medium","6/15/21","4:00 PM","Y","6/16/21","6/18/21","",NA,NA,NA,NA,NA,NA,NA
"34","G027","    0","    2","    3","    0","    0","    1","39116","    0","    0","    0","    0","    0","    0","    0","    0","    0","    0","    0","    0","    0","    0","    0","    0","    0","    0","    0","    0","    0","    0","    0","G027","La Seca",42081,36,"G27","06/15/2021","9:51","San Cristobal","Blacktip","Carcharhinus limbatus",NA,NA,NA,NA,"M",NA,NA,NA,585,714,NA,"Y",NA,NA,NA,34.91,"",24.65,"Seine Net","GW12","","S27"," ","Medium","6/15/21","4:00 PM","Y","6/16/21","6/18/21","",NA,NA,NA,NA,NA,NA,NA
"35","G028","3","3","4","0","0","0","7","3","0","0","0","0","0","0","0","0","0","0","0","0","0","0","0","0","0","0","0","0","1","0","G028","La Seca",13906,13,"G28","06/15/2021","9:51","San Cristobal","Blacktip","Carcharhinus limbatus",NA,NA,NA,NA,"M",NA,NA,NA,575,680,NA,"Y",NA,NA,NA,34.91,"",24.65,"Seine Net","GW12","","S28"," ","Medium","6/15/21","4:00 PM","Y","6/16/21","6/18/21","",NA,NA,NA,NA,NA,NA,NA
"36","G029","  0","  6","  6","646","  0","  1","  3","  0","  0","  0","  0","  0","  0","  0","  0","  0","  0","  0","  0","  0","  0","  0","  0","  0","  0","  0","  0","  0","  3","  0","G029","La Seca",4180,9,"G29","06/15/2021","9:51","San Cristobal","Blacktip","Carcharhinus limbatus",NA,NA,NA,NA,"M",NA,NA,NA,550,690,NA,"Y",NA,NA,NA,34.91,"",24.65,"Seine Net","GW12","","S29"," ","Light","6/15/21","4:00 PM","Y","6/16/21","6/18/21","",NA,NA,NA,NA,NA,NA,NA
"37","G030","  2","  1","350","  0","  0","  0","  0","  0","  0","  0","  0","  0","  0","  0","  0","  0","  0","  0","  0","  0","  0","  0","  0","  0","  0","  0","  0","  0","  2","  0","G030","La Seca",1017,8,"G30","06/15/2021","9:51","San Cristobal","Blacktip","Carcharhinus limbatus",NA,NA,NA,NA,"M",NA,NA,NA,580,720,NA,"Y",NA,NA,NA,34.91,"",24.65,"Seine Net","GW12","","S30"," ","Alot","6/15/21","4:00 PM","Y","6/16/21","6/18/21","",NA,NA,NA,NA,NA,NA,NA
"38","G031","9","5","4","0","0","0","3","0","0","0","0","0","0","0","0","0","0","0","0","0","0","0","0","0","0","0","0","0","0","0","G031","La Seca",3434,7,"G31","06/15/2021","9:51","San Cristobal","Blacktip","Carcharhinus limbatus",NA,NA,NA,NA,"M",NA,NA,NA,555,698,NA,"Y",NA,NA,NA,34.91,"",24.65,"Seine Net","GW12","","S31"," ","Light","6/15/21","4:00 PM","Y","6/16/21","6/18/21","",NA,NA,NA,NA,NA,NA,NA
"39","G032","0","1","1","0","0","0","1","0","0","0","0","0","0","0","0","0","0","0","0","0","0","0","0","0","0","0","0","0","0","0","G032","La Seca",38018,4,"G32","06/15/2021","9:51","San Cristobal","Blacktip","Carcharhinus limbatus",NA,NA,NA,NA,"F",NA,NA,NA,543,673,NA,"Y",NA,NA,NA,34.91,"",24.65,"Seine Net","GW12","","S32"," ","Light","6/15/21","4:00 PM","Y","6/16/21","6/18/21","",NA,NA,NA,NA,NA,NA,NA
"40","G033"," 0","21"," 3"," 0"," 0"," 0"," 0"," 0"," 0"," 0"," 0"," 0"," 0"," 0"," 0"," 0"," 0"," 0"," 0"," 0"," 0"," 0"," 0"," 0"," 0"," 0"," 0"," 0"," 2"," 0","G033","La Seca",1061,4,"G33","06/15/2021","9:51","San Cristobal","Blacktip","Carcharhinus limbatus",NA,NA,NA,NA,"F",NA,NA,NA,577,693,NA,"Y",NA,NA,NA,34.91,"",24.65,"Seine Net","GW12","","S33"," ","Alot","6/15/21","4:00 PM","Y","6/16/21","6/18/21","",NA,NA,NA,NA,NA,NA,NA
"41","G034","1","0","9","0","0","0","0","0","1","0","0","0","0","0","0","0","0","0","0","0","0","0","0","0","0","0","0","0","0","0","G034","La Tortuga",431,5,"G34","06/17/2021","9:53","San Cristobal","Blacktip","Carcharhinus limbatus",NA,NA,NA,NA,"F",NA,NA,NA,516,650,NA,"Y",NA,NA,NA,34.35,"Outgoing",23.91,"Gill Net","","merged_6/17/21_La Tortuga_B2C1; merged_6/17/21_La Tortuga_B2C2","S34"," ","Medium","6/17/21","4:30 PM","N","","6/19/21","",NA,NA,NA,NA,NA,NA,NA
"42","G035"," 0"," 0"," 1"," 1"," 0"," 1","23"," 0"," 0"," 0"," 0"," 0"," 0"," 0"," 0"," 0"," 0"," 0"," 0"," 0"," 0"," 0"," 0"," 0"," 0"," 0"," 0"," 0"," 0"," 0","G035","Cerro Brujo",39997,6,"G35","06/17/2021","12:55","San Cristobal","Blacktip","Carcharhinus limbatus",NA,NA,NA,NA,"M",NA,NA,NA,535,675,NA,"Y",NA,NA,NA,34.91,"",25.88,"Gill Net","","","S35","Recaptured and struggled a bit but survived","Light","6/17/21","4:30 PM","N","","6/19/21","",NA,NA,NA,NA,NA,NA,NA
"43","G036","    2","    0","19538","    0","    0","    0","    2","    3","    0","    0","    0","    0","    0","    0","    0","    0","    0","    0","    0","    0","    0","    0","    0","    0","    0","    0","    0","    0","    1","    0","G036","Rosa Blanca 1",54364,18,"G36","06/23/2021","6:50","San Cristobal","Blacktip","Carcharhinus limbatus",NA,NA,NA,NA,"F",NA,NA,NA,535,670,NA,"Y",NA,NA,NA,32.59,"Outgoing",23.33,"Seine Net","","merged_6/23/21_Rosa Blanca 1_B2C1; merged_6/23/21_Rosa Blanca 1_B2C2","S36","","Medium","6/23/21","6:30 PM","N","","6/24/21","",NA,NA,NA,NA,NA,NA,NA
"44","G037","0","1","9","0","0","0","2","0","0","0","0","0","0","0","0","0","0","0","0","0","0","0","0","0","0","0","0","0","2","0","G037","Rosa Blanca 1",25512,6,"G37","06/23/2021","6:50","San Cristobal","Blacktip","Carcharhinus limbatus",NA,NA,NA,NA,"F",NA,NA,NA,560,701,NA,"Y",NA,NA,NA,32.59,"Outgoing",23.33,"Seine Net","","merged_6/23/21_Rosa Blanca 1_B2C1; merged_6/23/21_Rosa Blanca 1_B2C2","S37","","Light","6/23/21","6:30 PM","N","","6/24/21","",NA,NA,NA,NA,NA,NA,NA
"45","G038","   3","   0","8436"," 142","   0","   0","   0","   0","   0","   0","   0","   0","   0","   0","   0","   0","   0","   0","   0","   0","   0","   0","   0","   0","   0","   0","   0","   0","   2","   0","G038","Rosa Blanca 1",42946,19,"G38","06/23/2021","6:50","San Cristobal","Blacktip","Carcharhinus limbatus",NA,NA,NA,NA,"F",NA,NA,NA,530,660,NA,"Y",NA,NA,NA,32.59,"Outgoing",23.33,"Seine Net","","merged_6/23/21_Rosa Blanca 1_B2C1; merged_6/23/21_Rosa Blanca 1_B2C2","S38","","Light","6/23/21","6:30 PM","N","","6/24/21","",NA,NA,NA,NA,NA,NA,NA
"46","G039","    3","    2","29743","    0","    0","    0","    4","    0","    0","    0","    0","    0","    0","    0","    0","    0","    0","    0","    0","    0","    0","    0","    0","    0","    0","    0","    0","    0","    0","    0","G039","Rosa Blanca 1",48364,20,"G39","06/23/2021","6:50","San Cristobal","Blacktip","Carcharhinus limbatus",NA,NA,NA,NA,"M",NA,NA,NA,532,676,NA,"Y",NA,NA,NA,32.59,"Outgoing",23.33,"Seine Net","","merged_6/23/21_Rosa Blanca 1_B2C1; merged_6/23/21_Rosa Blanca 1_B2C2","S39","","Alot","6/23/21","6:30 PM","N","","6/24/21","",NA,NA,NA,NA,NA,NA,NA
"47","G040","2","0","5","0","0","0","0","0","0","0","0","0","0","0","0","0","0","0","0","0","0","0","0","0","0","0","0","0","2","0","G040","Rosa Blanca 1",43205,4,"G40","06/23/2021","6:50","San Cristobal","Blacktip","Carcharhinus limbatus",NA,NA,NA,NA,"F",NA,NA,NA,538,685,NA,"Y",NA,NA,NA,32.59,"Outgoing",23.33,"Seine Net","","merged_6/23/21_Rosa Blanca 1_B2C1; merged_6/23/21_Rosa Blanca 1_B2C2","S40","","Light","6/23/21","6:30 PM","N","","6/24/21","",NA,NA,NA,NA,NA,NA,NA
"48","G041"," 0"," 4","31"," 0"," 7"," 0"," 0"," 0"," 0"," 0"," 0"," 0"," 0"," 0"," 0"," 0"," 0"," 0"," 0"," 0"," 0"," 0"," 0"," 0"," 0"," 0"," 0"," 0"," 3"," 0","G041","Rosa Blanca 1",32701,6,"G41","06/23/2021","6:50","San Cristobal","Blacktip","Carcharhinus limbatus",NA,NA,NA,NA,"M",NA,NA,NA,570,720,NA,"Y",NA,NA,NA,32.59,"Outgoing",23.33,"Seine Net","","merged_6/23/21_Rosa Blanca 1_B2C1; merged_6/23/21_Rosa Blanca 1_B2C2","S41","","Light with Mucus","6/23/21","6:30 PM","N","","6/24/21","",NA,NA,NA,NA,NA,NA,NA
"49","G042","   2","   0"," 375","2157","   0","   2","   2","   0","   1","   0","   0","   0","   0","   0","   0","   0","   0","   0","   0","   0","   0","   0","   0","   0","   0","   0","   0","   0","   1","   0","G042","Rosa Blanca 1",3563,14,"G42","06/23/2021","6:50","San Cristobal","Blacktip","Carcharhinus limbatus",NA,NA,NA,NA,"F",NA,NA,NA,533,684,NA,"Y",NA,NA,NA,32.59,"Outgoing",23.33,"Seine Net","","merged_6/23/21_Rosa Blanca 1_B2C1; merged_6/23/21_Rosa Blanca 1_B2C2","S42","","Alot","6/23/21","6:30 PM","N","","6/24/21","",NA,NA,NA,NA,NA,NA,NA
"50","G043","0","0","0","0","0","1","2","0","0","0","0","0","0","0","0","0","0","0","0","0","0","0","0","0","0","0","0","0","0","0","G043","Rosa Blanca 1",3348,4,"G43","06/23/2021","6:50","San Cristobal","Blacktip","Carcharhinus limbatus",NA,NA,NA,NA,"F",NA,NA,NA,554,686,NA,"Y",NA,NA,NA,32.59,"Outgoing",23.33,"Seine Net","","merged_6/23/21_Rosa Blanca 1_B2C1; merged_6/23/21_Rosa Blanca 1_B2C2","S43","","None","6/23/21","6:30 PM","N","","6/24/21","Almost fully evaporated after step 2 so added 325ul of PCR water",NA,NA,NA,NA,NA,NA,NA
"51","G044","3","2","3","0","0","0","8","2","0","0","0","0","0","0","0","0","0","0","0","0","0","0","0","0","0","0","0","0","2","0","G044","Rosa Blanca 2",44619,8,"G44","06/23/2021","10:50","San Cristobal","Blacktip","Carcharhinus limbatus",NA,NA,NA,NA,"M",NA,NA,NA,550,660,NA,"Y",NA,NA,NA,34.07,"Incoming",24.58,"Gill Net","","","S44","","Medium","6/23/21","6:30 PM","N","","6/24/21","",NA,NA,NA,NA,NA,NA,NA
"52","G045","   0","   3","   0","   0","   0","   0","   6","   0","   0","   0","   0","   0","   0","   0","   0","2284"," 272","   0","   0","   0","   0","   0","   0","   0","   0","   0","   0","   0","   4","   0","G045","Rosa Blanca 2",3082,8,"G45","06/23/2021","10:50","San Cristobal","Blacktip","Carcharhinus limbatus",NA,NA,NA,NA,"M",NA,NA,NA,600,750,NA,"Y",NA,NA,NA,34.07,"Incoming",24.58,"Gill Net","","","S45","","Alot","6/23/21","6:30 PM","N","","6/24/21","",NA,NA,NA,NA,NA,NA,NA
"53","G046","  3","  5"," 25","  1","  0","  0","  0","  0","  0","  0","  0","  0","  0","  0","  0","  0","  0","  0","  0","  0","  0","  0","  0","  0","  0","  0","  0","  0","118","  0","G046","Rosa Blanca 2",2161,9,"G46","06/23/2021","10:50","San Cristobal","Blacktip","Carcharhinus limbatus",NA,NA,NA,NA,"M",NA,NA,NA,554,700,NA,"Y",NA,NA,NA,34.07,"Incoming",24.58,"Gill Net","","","S46","","Alot","6/23/21","6:30 PM","N","","6/24/21","",NA,NA,NA,NA,NA,NA,NA
"54","G047","    5","36638","   56","    2","    0","    0","    4","    0","    0","    0","    0","    0","    0","    0","    0","    0","    0","    0","    0","    0","    0","    0","    0","    0","    0","    0","    0","    0","   42","    0","G047","Rosa Blanca 2",49885,32,"G47","06/23/2021","10:50","San Cristobal","Blacktip","Carcharhinus limbatus",NA,NA,NA,NA,"F",NA,NA,NA,578,709,NA,"Y",NA,NA,NA,34.07,"Incoming",24.58,"Gill Net","","","S47","","Medium","6/23/21","6:30 PM","N","","6/24/21","",NA,NA,NA,NA,NA,NA,NA
"55","G048","1","0","0","0","0","0","0","0","0","0","0","0","0","0","0","0","0","0","0","0","0","0","0","0","0","0","0","0","0","0","G048","Rosa Blanca 2",27550,2,"G48","06/23/2021","10:50","San Cristobal","Blacktip","Carcharhinus limbatus",NA,NA,NA,NA,"M",NA,NA,NA,530,620,NA,"Y",NA,NA,NA,34.07,"Incoming",24.58,"Gill Net","","","S48","","Light","6/23/21","6:30 PM","N","","6/24/21","",NA,NA,NA,NA,NA,NA,NA
"56","G049","1","3","3","0","5","0","0","0","0","0","0","0","0","0","0","0","0","0","0","0","0","0","0","0","0","0","0","0","6","0","G049","Rosa Blanca 2",10677,6,"G49","06/23/2021","10:50","San Cristobal","Blacktip","Carcharhinus limbatus",NA,NA,NA,NA,"F",NA,NA,NA,552,685,NA,"Y",NA,NA,NA,34.07,"Incoming",24.58,"Gill Net","","","S49","","Light","6/23/21","6:30 PM","N","","6/24/21","",NA,NA,NA,NA,NA,NA,NA
"57","G050","    1","    4","33676","    0","    0","    0","    1","    0","    0","    0","    0","    0","    0","    0","    0","    0","    0","    0","    0","    0","    0","    0","    0","    0","    0","    0","    0","    0","    1","    0","G050","Cerro Brujo",34538,13,"G50","06/25/2021","8:19","San Cristobal","Blacktip","Carcharhinus limbatus",NA,NA,NA,NA,"F",NA,NA,NA,630,790,NA,"Y",NA,NA,NA,34.89,"Outgoing",23.32,"Gill Net","","merged_6/25/21_Cerro Brujo_B2C1; merged_6/25/21_Cerro Brujo_B2C2","S50","","Light","6/25/21","5:54 PM","N","","6/26/21","",NA,NA,NA,NA,NA,NA,NA
"58","G051","0","0","0","0","0","2","4","0","0","0","0","0","0","0","0","0","0","0","0","0","0","0","0","0","0","0","0","0","2","0","G051","Cerro Brujo",67407,6,"G51","06/25/2021","8:19","San Cristobal","Blacktip","Carcharhinus limbatus",NA,NA,NA,NA,"F",NA,NA,NA,580,720,NA,"Y",NA,NA,NA,34.89,"Outgoing",23.32,"Gill Net","","merged_6/25/21_Cerro Brujo_B2C1; merged_6/25/21_Cerro Brujo_B2C2","S51","","None","6/25/21","5:54 PM","N","","6/26/21","",NA,NA,NA,NA,NA,NA,NA
"59","G053","    5","    1","    5","    0","    0","    0","    5","    1","    0","    0","    0","    0","    0","    0","    0","    0","    0","    0","    0","    0","    0","    0","    0","    0","    0","    0","    0","    0","75603","    0","G053","Cerro Brujo",77675,24,"G53","06/25/2021","8:19","San Cristobal","Blacktip","Carcharhinus limbatus",NA,NA,NA,NA,"F",NA,NA,NA,590,730,NA,"Y",NA,NA,NA,34.89,"Outgoing",23.32,"Gill Net","","merged_6/25/21_Cerro Brujo_B2C1; merged_6/25/21_Cerro Brujo_B2C2","S53","Blood didn't separate all the way when spun","Light","6/25/21","5:54 PM","N","","6/26/21","",NA,NA,NA,NA,NA,NA,NA
"60","G054","    0","   11","28882","    0","    0","    1","  861","    0","    0","    0","    0","    0","    0","    0","    0","    0","    0","    0","    0","    0","    0","    0","    0","    0","    0","    0","    0","    0","   21","    0","G054","Cerro Brujo",43522,38,"G54","06/25/2021","8:19","San Cristobal","Blacktip","Carcharhinus limbatus",NA,NA,NA,NA,"F",NA,NA,NA,540,680,NA,"Y",NA,NA,NA,34.89,"Outgoing",23.32,"Gill Net","","merged_6/25/21_Cerro Brujo_B2C1; merged_6/25/21_Cerro Brujo_B2C2","S54","","Medium","6/25/21","5:54 PM","N","","6/26/21","",NA,NA,NA,NA,NA,NA,NA
"61","G055"," 1"," 0","27"," 0"," 0"," 0"," 0"," 0"," 0"," 0"," 0"," 0"," 0"," 0"," 0"," 0"," 0"," 0"," 0"," 0"," 0"," 0"," 0"," 0"," 0"," 0"," 0"," 0"," 5"," 0","G055","Cerro Brujo",20481,7,"G55","06/25/2021","8:19","San Cristobal","Blacktip","Carcharhinus limbatus",NA,NA,NA,NA,"F",NA,NA,NA,750,940,NA,"Y",NA,NA,NA,34.89,"Outgoing",23.32,"Gill Net","","merged_6/25/21_Cerro Brujo_B2C1; merged_6/25/21_Cerro Brujo_B2C2","S55","","Light","6/25/21","5:54 PM","N","","6/26/21","",NA,NA,NA,NA,NA,NA,NA
"62","G056","12"," 2"," 9"," 1"," 0"," 0"," 3"," 0"," 0"," 0"," 0"," 0"," 0"," 0"," 0"," 0"," 0"," 0"," 0"," 0"," 0"," 0"," 0"," 0"," 0"," 0"," 0"," 0"," 4"," 0","G056","Cerro Brujo",1327,8,"G56","06/25/2021","8:19","San Cristobal","Blacktip","Carcharhinus limbatus",NA,NA,NA,NA,"F",NA,NA,NA,600,820,NA,"Y",NA,NA,NA,34.89,"Outgoing",23.32,"Gill Net","","merged_6/25/21_Cerro Brujo_B2C1; merged_6/25/21_Cerro Brujo_B2C2","S56","Made weird noise with mouth, kind of seemed like it was seizing","Alot","6/25/21","5:54 PM","N","","6/26/21","",NA,NA,NA,NA,NA,NA,NA
"63","G057","0","1","1","0","0","0","0","0","0","0","0","0","0","0","0","0","0","0","0","0","0","0","0","0","0","0","0","0","3","0","G057","Cerro Brujo",35553,4,"G57","06/25/2021","8:19","San Cristobal","Blacktip","Carcharhinus limbatus",NA,NA,NA,NA,"M",NA,NA,NA,560,700,NA,"Y",NA,NA,NA,34.89,"Outgoing",23.32,"Gill Net","","merged_6/25/21_Cerro Brujo_B2C1; merged_6/25/21_Cerro Brujo_B2C2","S57","","None","6/25/21","5:54 PM","N","","6/26/21","",NA,NA,NA,NA,NA,NA,NA
"64","G062","    4","57697","   87","   77","    0","    2","    3","    0","    0","    0","    0","    0","    0","    0","    0","    0","    0","    0","    0","    0","    0","    0","    0","    0","    0","    0","    0","    0","    0","    0","G062","Puerto Grande",63308,28,"G62","06/27/2021","5:55","San Cristobal","Blacktip","Carcharhinus limbatus",NA,NA,NA,NA,"F",NA,NA,NA,600,710,NA,"Y",NA,NA,NA,35.06,"Outgoing",22.25,"Gill Net","","merged_6/27/21_Puerto Grande_B2C1; merged_6/27/21_Puerto Grande_B2C2","S62","","Light","7/19/21","2:45 PM","N","","","",NA,NA,NA,NA,NA,NA,NA
"65","G063","  3"," 27","138","  0","  0","  0","  1","  0","  0","  0","  0","  0","  0","  0","  0","  0","  0","  0","  0","  0","  0","  0","  0","  0","  0","  0","  0","  0"," 86","  0",NA,NA,NA,NA,NA,NA,NA,NA,NA,NA,NA,NA,NA,NA,NA,NA,NA,NA,NA,NA,NA,NA,NA,NA,NA,NA,NA,NA,NA,NA,NA,NA,NA,NA,NA,NA,NA,NA,NA,NA,NA,NA,NA,NA,NA,NA,NA
"66","G064"," 10","  2","175","177","  0","  0","  5","  0","  0","  0","  0","  0","  0","  0","  0","  0","  0","172","595","  0","  0","  0","  0","  0","  0","  0","  0","  0","  0","364",NA,NA,NA,NA,NA,NA,NA,NA,NA,NA,NA,NA,NA,NA,NA,NA,NA,NA,NA,NA,NA,NA,NA,NA,NA,NA,NA,NA,NA,NA,NA,NA,NA,NA,NA,NA,NA,NA,NA,NA,NA,NA,NA,NA,NA,NA,NA
"67","G065","1","1","0","0","0","0","3","0","0","0","0","0","0","0","0","0","0","0","0","0","0","0","0","0","0","0","0","0","0","0",NA,NA,NA,NA,NA,NA,NA,NA,NA,NA,NA,NA,NA,NA,NA,NA,NA,NA,NA,NA,NA,NA,NA,NA,NA,NA,NA,NA,NA,NA,NA,NA,NA,NA,NA,NA,NA,NA,NA,NA,NA,NA,NA,NA,NA,NA,NA
"68","G066","  3","  5","  3","  0","  6","  0","  2","  0","  0","  0","  0","  0","885","  0","  0","  0","  0","  0","  0","  0","  0","  0","  0","  0","  0","  0","  0","  0","  4","  0",NA,NA,NA,NA,NA,NA,NA,NA,NA,NA,NA,NA,NA,NA,NA,NA,NA,NA,NA,NA,NA,NA,NA,NA,NA,NA,NA,NA,NA,NA,NA,NA,NA,NA,NA,NA,NA,NA,NA,NA,NA,NA,NA,NA,NA,NA,NA
"69","G067","    3","    2","    6","   70","    0","    1","    4","  130","13649","    0","    0","    0","    0","    0","    0","    0","    0","    0","    0","    0","    0","    0","    0","    0","    0","    0","    0","    0","    0","    0",NA,NA,NA,NA,NA,NA,NA,NA,NA,NA,NA,NA,NA,NA,NA,NA,NA,NA,NA,NA,NA,NA,NA,NA,NA,NA,NA,NA,NA,NA,NA,NA,NA,NA,NA,NA,NA,NA,NA,NA,NA,NA,NA,NA,NA,NA,NA
"70","G068","  4","  0","119","  0","  0","  0","  4","  0","  0","  0","  0","  0","  0","  0","  0","  0","  0","  0","  0","  0","  0","  0","  0","  0","  0","  0","  0","  0","241","  0",NA,NA,NA,NA,NA,NA,NA,NA,NA,NA,NA,NA,NA,NA,NA,NA,NA,NA,NA,NA,NA,NA,NA,NA,NA,NA,NA,NA,NA,NA,NA,NA,NA,NA,NA,NA,NA,NA,NA,NA,NA,NA,NA,NA,NA,NA,NA
"71","G069","    6","    0","    4","  110","    1","    0","71080","    2","    0","    0","    0","    0","    0","    0","    0","    0","    0","    0","    0","    0","    0","    0","    0","    0","    0","    0","    0","    0","    2","    0",NA,NA,NA,NA,NA,NA,NA,NA,NA,NA,NA,NA,NA,NA,NA,NA,NA,NA,NA,NA,NA,NA,NA,NA,NA,NA,NA,NA,NA,NA,NA,NA,NA,NA,NA,NA,NA,NA,NA,NA,NA,NA,NA,NA,NA,NA,NA
"72","G070"," 1"," 2"," 2","33"," 0"," 1","11"," 0"," 0"," 0"," 0"," 0"," 0"," 0"," 0"," 0"," 0"," 0"," 0"," 0"," 0"," 0"," 0"," 0"," 0"," 0"," 0"," 0"," 2"," 0",NA,NA,NA,NA,NA,NA,NA,NA,NA,NA,NA,NA,NA,NA,NA,NA,NA,NA,NA,NA,NA,NA,NA,NA,NA,NA,NA,NA,NA,NA,NA,NA,NA,NA,NA,NA,NA,NA,NA,NA,NA,NA,NA,NA,NA,NA,NA
"73","G071","  5","  0","735","  0","  0","  0","  5","  0","  0","  0","  0","  0","  0","  0","  0","  0","  0","  0","  0","  0","  0","  0","  0","  0","  0","  0","  0","  0","  2","  0",NA,NA,NA,NA,NA,NA,NA,NA,NA,NA,NA,NA,NA,NA,NA,NA,NA,NA,NA,NA,NA,NA,NA,NA,NA,NA,NA,NA,NA,NA,NA,NA,NA,NA,NA,NA,NA,NA,NA,NA,NA,NA,NA,NA,NA,NA,NA
"74","G072","    8","    4","  414","    0","    0","    0","57304","    0","    0","    0","    0","    0","    0","    0","    0","    0","    0","    0","    0","    0","    0","    0","    0","    0","    0","    0","    0","    0","    0","    0",NA,NA,NA,NA,NA,NA,NA,NA,NA,NA,NA,NA,NA,NA,NA,NA,NA,NA,NA,NA,NA,NA,NA,NA,NA,NA,NA,NA,NA,NA,NA,NA,NA,NA,NA,NA,NA,NA,NA,NA,NA,NA,NA,NA,NA,NA,NA
"75","G073"," 2"," 2"," 0"," 0"," 0"," 0"," 2"," 0"," 2"," 0"," 0"," 0"," 0","45"," 0"," 0"," 0"," 0"," 0"," 0"," 0"," 0"," 0"," 0"," 0"," 0"," 0"," 0"," 0"," 0",NA,NA,NA,NA,NA,NA,NA,NA,NA,NA,NA,NA,NA,NA,NA,NA,NA,NA,NA,NA,NA,NA,NA,NA,NA,NA,NA,NA,NA,NA,NA,NA,NA,NA,NA,NA,NA,NA,NA,NA,NA,NA,NA,NA,NA,NA,NA
"76","G074","    0","    0","    4","    0","27594","    0","    0","    0","    0","    0","    1","    0","    0","    0","    0","    0","    0","    0","    0","    0","    0","    0","    0","    0","    0","    0","    0","    0","    2","    0",NA,NA,NA,NA,NA,NA,NA,NA,NA,NA,NA,NA,NA,NA,NA,NA,NA,NA,NA,NA,NA,NA,NA,NA,NA,NA,NA,NA,NA,NA,NA,NA,NA,NA,NA,NA,NA,NA,NA,NA,NA,NA,NA,NA,NA,NA,NA
"77","G075","  1","  0","  3","735","  4","  0","  0","  0","  0","  0","  0","  0","  0","  0","  0","  0","  0","  0","  0","  0","  0","  0","  0","  0","  0","  0","  0","  0","  0","191",NA,NA,NA,NA,NA,NA,NA,NA,NA,NA,NA,NA,NA,NA,NA,NA,NA,NA,NA,NA,NA,NA,NA,NA,NA,NA,NA,NA,NA,NA,NA,NA,NA,NA,NA,NA,NA,NA,NA,NA,NA,NA,NA,NA,NA,NA,NA
"78","G076","0","0","6","0","0","0","1","0","0","0","0","0","0","0","0","0","0","0","0","0","0","0","0","0","0","0","0","0","0","0",NA,NA,NA,NA,NA,NA,NA,NA,NA,NA,NA,NA,NA,NA,NA,NA,NA,NA,NA,NA,NA,NA,NA,NA,NA,NA,NA,NA,NA,NA,NA,NA,NA,NA,NA,NA,NA,NA,NA,NA,NA,NA,NA,NA,NA,NA,NA
"79","G077","1","0","6","0","6","0","2","2","0","0","0","0","0","0","0","0","0","0","0","0","0","0","0","0","0","0","0","0","0","0",NA,NA,NA,NA,NA,NA,NA,NA,NA,NA,NA,NA,NA,NA,NA,NA,NA,NA,NA,NA,NA,NA,NA,NA,NA,NA,NA,NA,NA,NA,NA,NA,NA,NA,NA,NA,NA,NA,NA,NA,NA,NA,NA,NA,NA,NA,NA
"80","G078","0","2","0","0","0","1","3","0","0","0","0","0","0","0","0","0","0","0","0","0","0","0","0","0","0","0","0","0","0","0",NA,NA,NA,NA,NA,NA,NA,NA,NA,NA,NA,NA,NA,NA,NA,NA,NA,NA,NA,NA,NA,NA,NA,NA,NA,NA,NA,NA,NA,NA,NA,NA,NA,NA,NA,NA,NA,NA,NA,NA,NA,NA,NA,NA,NA,NA,NA
"81","G099","0","0","5","0","0","0","0","0","0","0","0","0","0","0","0","0","0","0","0","0","0","0","0","0","0","0","0","0","0","0",NA,NA,NA,NA,NA,NA,NA,NA,NA,NA,NA,NA,NA,NA,NA,NA,NA,NA,NA,NA,NA,NA,NA,NA,NA,NA,NA,NA,NA,NA,NA,NA,NA,NA,NA,NA,NA,NA,NA,NA,NA,NA,NA,NA,NA,NA,NA
"82","G100"," 0"," 0","56"," 0"," 0"," 0"," 0"," 0"," 0"," 0"," 0"," 0"," 0"," 0"," 0"," 0"," 0"," 0"," 0"," 0"," 0"," 0"," 0"," 0"," 0"," 0"," 0"," 0"," 0"," 0",NA,NA,NA,NA,NA,NA,NA,NA,NA,NA,NA,NA,NA,NA,NA,NA,NA,NA,NA,NA,NA,NA,NA,NA,NA,NA,NA,NA,NA,NA,NA,NA,NA,NA,NA,NA,NA,NA,NA,NA,NA,NA,NA,NA,NA,NA,NA
"83","G101","0","0","9","0","0","0","0","0","0","0","0","0","0","0","0","0","0","0","0","0","0","0","0","0","0","0","0","0","0","5",NA,NA,NA,NA,NA,NA,NA,NA,NA,NA,NA,NA,NA,NA,NA,NA,NA,NA,NA,NA,NA,NA,NA,NA,NA,NA,NA,NA,NA,NA,NA,NA,NA,NA,NA,NA,NA,NA,NA,NA,NA,NA,NA,NA,NA,NA,NA
"84","G102","  0","  0","229","  0","  0","  0","  0","  0","  0","  0","  0","  0","  0","  0","  0","  0","  0","  0","  0","  0","  0","  0","  0","  0","  0","  0","  0","  0","  0","  0",NA,NA,NA,NA,NA,NA,NA,NA,NA,NA,NA,NA,NA,NA,NA,NA,NA,NA,NA,NA,NA,NA,NA,NA,NA,NA,NA,NA,NA,NA,NA,NA,NA,NA,NA,NA,NA,NA,NA,NA,NA,NA,NA,NA,NA,NA,NA
"85","G103"," 0"," 0"," 0"," 0"," 0"," 0"," 0"," 0"," 0"," 0"," 0"," 0"," 0"," 0"," 0"," 0"," 0"," 0"," 0"," 0"," 0"," 0"," 0"," 0"," 0"," 0"," 0"," 0"," 0","33",NA,NA,NA,NA,NA,NA,NA,NA,NA,NA,NA,NA,NA,NA,NA,NA,NA,NA,NA,NA,NA,NA,NA,NA,NA,NA,NA,NA,NA,NA,NA,NA,NA,NA,NA,NA,NA,NA,NA,NA,NA,NA,NA,NA,NA,NA,NA
"86","G104","    0","    0","    1","    0","    0","    0","    0","    0","    0","    0","    0","    0","    0","    0","    0"," 3211","    0","    0","    0","    0","    0","    0","    0","    0","    0","    0","    0","    0","54484","    0",NA,NA,NA,NA,NA,NA,NA,NA,NA,NA,NA,NA,NA,NA,NA,NA,NA,NA,NA,NA,NA,NA,NA,NA,NA,NA,NA,NA,NA,NA,NA,NA,NA,NA,NA,NA,NA,NA,NA,NA,NA,NA,NA,NA,NA,NA,NA
"87","G105","0","0","0","0","0","0","0","0","0","0","0","0","0","0","0","0","0","0","0","0","0","0","0","0","0","0","0","0","0","0",NA,NA,NA,NA,NA,NA,NA,NA,NA,NA,NA,NA,NA,NA,NA,NA,NA,NA,NA,NA,NA,NA,NA,NA,NA,NA,NA,NA,NA,NA,NA,NA,NA,NA,NA,NA,NA,NA,NA,NA,NA,NA,NA,NA,NA,NA,NA
"88","G106","0","0","0","0","0","0","0","0","0","0","0","0","0","0","0","0","0","0","0","0","0","0","0","0","0","0","0","0","0","0",NA,NA,NA,NA,NA,NA,NA,NA,NA,NA,NA,NA,NA,NA,NA,NA,NA,NA,NA,NA,NA,NA,NA,NA,NA,NA,NA,NA,NA,NA,NA,NA,NA,NA,NA,NA,NA,NA,NA,NA,NA,NA,NA,NA,NA,NA,NA
"89","G107","   0","   0","   0","   0","   0","   0","   0","   0","   0","   0","   0","   0","   0","   0","   0","   0","   0","   0","   0","   0","1511","   0","   0","   0","   0","   0","   0","   0","   0"," 267",NA,NA,NA,NA,NA,NA,NA,NA,NA,NA,NA,NA,NA,NA,NA,NA,NA,NA,NA,NA,NA,NA,NA,NA,NA,NA,NA,NA,NA,NA,NA,NA,NA,NA,NA,NA,NA,NA,NA,NA,NA,NA,NA,NA,NA,NA,NA
"90","G108","   0","   0","   0","   0","   0","   0","   0","   0","   0","   0","   0","   0","   0","   0","   0","   0","   0","   0","   0","   0","   0","   0","   0","   0","   0","   0","   0","   0","8594","  19",NA,NA,NA,NA,NA,NA,NA,NA,NA,NA,NA,NA,NA,NA,NA,NA,NA,NA,NA,NA,NA,NA,NA,NA,NA,NA,NA,NA,NA,NA,NA,NA,NA,NA,NA,NA,NA,NA,NA,NA,NA,NA,NA,NA,NA,NA,NA
"91","G109","0","0","0","0","0","0","0","0","0","0","0","0","0","0","0","0","0","0","0","0","0","0","0","0","0","0","0","0","0","0",NA,NA,NA,NA,NA,NA,NA,NA,NA,NA,NA,NA,NA,NA,NA,NA,NA,NA,NA,NA,NA,NA,NA,NA,NA,NA,NA,NA,NA,NA,NA,NA,NA,NA,NA,NA,NA,NA,NA,NA,NA,NA,NA,NA,NA,NA,NA
"92","G110","   0","   0","6549"," 299","   0","   0","   0","   0","   0","   0","   0","   0","   0","   0","   0","   0","   0","   0","   0","   0","   0","   0","   0","   0","   0","   0","   0","   0","   0","   0",NA,NA,NA,NA,NA,NA,NA,NA,NA,NA,NA,NA,NA,NA,NA,NA,NA,NA,NA,NA,NA,NA,NA,NA,NA,NA,NA,NA,NA,NA,NA,NA,NA,NA,NA,NA,NA,NA,NA,NA,NA,NA,NA,NA,NA,NA,NA
"93","G111"," 0"," 0","32"," 7"," 0"," 0"," 0"," 0"," 0"," 0"," 0"," 0"," 0"," 0"," 0"," 0"," 0"," 0"," 0"," 0"," 0"," 0"," 0"," 0"," 0"," 0"," 0"," 0"," 0"," 0",NA,NA,NA,NA,NA,NA,NA,NA,NA,NA,NA,NA,NA,NA,NA,NA,NA,NA,NA,NA,NA,NA,NA,NA,NA,NA,NA,NA,NA,NA,NA,NA,NA,NA,NA,NA,NA,NA,NA,NA,NA,NA,NA,NA,NA,NA,NA
"94","G112","   0","   0","1937","   0","   0","   0","   0","   0","   0","   0","   0","   0","   0","   0","   0","   0","   0","   0","   0","   0","   0","   0","   0","   0","   0","   0","   0","   0","   0","   2",NA,NA,NA,NA,NA,NA,NA,NA,NA,NA,NA,NA,NA,NA,NA,NA,NA,NA,NA,NA,NA,NA,NA,NA,NA,NA,NA,NA,NA,NA,NA,NA,NA,NA,NA,NA,NA,NA,NA,NA,NA,NA,NA,NA,NA,NA,NA
"95","G113","   0","   0","2910","   0","   0","   0","   0","   0","   0","   0","   0","   0","   0","   0","   0","   0","   0","   0","   0","   0","   0","   0","   0","   0","   0","   0","   0","   0","   0","   0",NA,NA,NA,NA,NA,NA,NA,NA,NA,NA,NA,NA,NA,NA,NA,NA,NA,NA,NA,NA,NA,NA,NA,NA,NA,NA,NA,NA,NA,NA,NA,NA,NA,NA,NA,NA,NA,NA,NA,NA,NA,NA,NA,NA,NA,NA,NA
"96","G114","   0","   0","3715","   0","   0","   0","   0","   0","   0","   0","   0","   0","   0","   0","   0","   0","   0","   0","   0","   0","   0","   0","   0","   0","   0","   0","   0","   0","   0","   6",NA,NA,NA,NA,NA,NA,NA,NA,NA,NA,NA,NA,NA,NA,NA,NA,NA,NA,NA,NA,NA,NA,NA,NA,NA,NA,NA,NA,NA,NA,NA,NA,NA,NA,NA,NA,NA,NA,NA,NA,NA,NA,NA,NA,NA,NA,NA
"97","G115","    0","    0","29914","    0","    0","    0","    0","    0","    0","    0","    0","    0","    0","    0","    0","    0","    0","    0","    0","    0","    0","    0","    0","    0","    0","    0","    0","    0","    0","   69",NA,NA,NA,NA,NA,NA,NA,NA,NA,NA,NA,NA,NA,NA,NA,NA,NA,NA,NA,NA,NA,NA,NA,NA,NA,NA,NA,NA,NA,NA,NA,NA,NA,NA,NA,NA,NA,NA,NA,NA,NA,NA,NA,NA,NA,NA,NA
"98","G116","0","0","0","0","0","0","0","0","0","0","0","0","0","0","0","0","0","0","0","0","0","0","0","0","0","0","0","0","0","0",NA,NA,NA,NA,NA,NA,NA,NA,NA,NA,NA,NA,NA,NA,NA,NA,NA,NA,NA,NA,NA,NA,NA,NA,NA,NA,NA,NA,NA,NA,NA,NA,NA,NA,NA,NA,NA,NA,NA,NA,NA,NA,NA,NA,NA,NA,NA
"99","G117","0","0","0","0","0","0","0","0","0","0","0","0","0","0","0","0","0","0","0","0","0","0","0","0","0","0","0","0","0","0",NA,NA,NA,NA,NA,NA,NA,NA,NA,NA,NA,NA,NA,NA,NA,NA,NA,NA,NA,NA,NA,NA,NA,NA,NA,NA,NA,NA,NA,NA,NA,NA,NA,NA,NA,NA,NA,NA,NA,NA,NA,NA,NA,NA,NA,NA,NA
"100","G118","0","0","0","0","0","0","0","0","0","0","0","0","0","0","0","0","0","0","0","0","0","0","0","0","0","0","0","0","0","1",NA,NA,NA,NA,NA,NA,NA,NA,NA,NA,NA,NA,NA,NA,NA,NA,NA,NA,NA,NA,NA,NA,NA,NA,NA,NA,NA,NA,NA,NA,NA,NA,NA,NA,NA,NA,NA,NA,NA,NA,NA,NA,NA,NA,NA,NA,NA
"101","G119","  0","  0","250","  0","  0","  0","  0","  0","  0","  0","  0","  0","  0","  0","  0","  0","  0","  0","  0","  0","  0","  0","  0","  0","  0","  0","  0","  0","  0","  0",NA,NA,NA,NA,NA,NA,NA,NA,NA,NA,NA,NA,NA,NA,NA,NA,NA,NA,NA,NA,NA,NA,NA,NA,NA,NA,NA,NA,NA,NA,NA,NA,NA,NA,NA,NA,NA,NA,NA,NA,NA,NA,NA,NA,NA,NA,NA
"102","G120","    0","    0","10196","12100","    0","    0","    0","    0","    0","    0","    0","    0","    0","    0","    0","    0","    0","    0","    0","    0","    0","    0","    0","    0","    0","    0","    0","    0","    0","   44",NA,NA,NA,NA,NA,NA,NA,NA,NA,NA,NA,NA,NA,NA,NA,NA,NA,NA,NA,NA,NA,NA,NA,NA,NA,NA,NA,NA,NA,NA,NA,NA,NA,NA,NA,NA,NA,NA,NA,NA,NA,NA,NA,NA,NA,NA,NA
"103","G121","0","0","0","0","0","0","0","0","0","0","0","0","0","0","0","0","0","0","0","0","0","0","0","0","0","0","0","0","0","0",NA,NA,NA,NA,NA,NA,NA,NA,NA,NA,NA,NA,NA,NA,NA,NA,NA,NA,NA,NA,NA,NA,NA,NA,NA,NA,NA,NA,NA,NA,NA,NA,NA,NA,NA,NA,NA,NA,NA,NA,NA,NA,NA,NA,NA,NA,NA
"104","G122"," 0"," 0","55"," 0"," 0"," 0"," 0"," 0"," 0"," 0"," 0"," 0"," 0"," 0"," 0"," 0"," 0"," 0"," 0"," 0"," 0"," 0"," 0"," 0"," 0"," 0"," 0"," 0"," 0"," 0",NA,NA,NA,NA,NA,NA,NA,NA,NA,NA,NA,NA,NA,NA,NA,NA,NA,NA,NA,NA,NA,NA,NA,NA,NA,NA,NA,NA,NA,NA,NA,NA,NA,NA,NA,NA,NA,NA,NA,NA,NA,NA,NA,NA,NA,NA,NA
"105","G123"," 0"," 0"," 0"," 0"," 0"," 0"," 0"," 0"," 0"," 0"," 0"," 0"," 0"," 0"," 0"," 0"," 0"," 0"," 0"," 0"," 0"," 0"," 0"," 0"," 0"," 0"," 0"," 0"," 0","84",NA,NA,NA,NA,NA,NA,NA,NA,NA,NA,NA,NA,NA,NA,NA,NA,NA,NA,NA,NA,NA,NA,NA,NA,NA,NA,NA,NA,NA,NA,NA,NA,NA,NA,NA,NA,NA,NA,NA,NA,NA,NA,NA,NA,NA,NA,NA
"106","G125","0","0","0","0","0","0","0","0","0","0","0","0","0","0","0","0","0","0","0","0","0","0","0","0","0","0","0","0","0","0",NA,NA,NA,NA,NA,NA,NA,NA,NA,NA,NA,NA,NA,NA,NA,NA,NA,NA,NA,NA,NA,NA,NA,NA,NA,NA,NA,NA,NA,NA,NA,NA,NA,NA,NA,NA,NA,NA,NA,NA,NA,NA,NA,NA,NA,NA,NA
"107","G126"," 0"," 0"," 0"," 0"," 0"," 0"," 0"," 0"," 0"," 0"," 0"," 0"," 0"," 0"," 0"," 0"," 0"," 0"," 0"," 0"," 0"," 0"," 0"," 0"," 0"," 0"," 0"," 0"," 0","22",NA,NA,NA,NA,NA,NA,NA,NA,NA,NA,NA,NA,NA,NA,NA,NA,NA,NA,NA,NA,NA,NA,NA,NA,NA,NA,NA,NA,NA,NA,NA,NA,NA,NA,NA,NA,NA,NA,NA,NA,NA,NA,NA,NA,NA,NA,NA
"108","G127","0","0","0","0","0","0","0","0","0","0","0","0","0","0","0","0","0","0","0","0","0","0","0","0","0","0","0","0","0","0",NA,NA,NA,NA,NA,NA,NA,NA,NA,NA,NA,NA,NA,NA,NA,NA,NA,NA,NA,NA,NA,NA,NA,NA,NA,NA,NA,NA,NA,NA,NA,NA,NA,NA,NA,NA,NA,NA,NA,NA,NA,NA,NA,NA,NA,NA,NA
"109","G128","0","0","0","0","0","0","0","0","0","0","0","0","0","0","0","0","0","0","0","0","0","0","0","0","0","0","0","0","0","0",NA,NA,NA,NA,NA,NA,NA,NA,NA,NA,NA,NA,NA,NA,NA,NA,NA,NA,NA,NA,NA,NA,NA,NA,NA,NA,NA,NA,NA,NA,NA,NA,NA,NA,NA,NA,NA,NA,NA,NA,NA,NA,NA,NA,NA,NA,NA
"110","G129","0","0","0","0","0","0","0","0","0","0","0","0","0","0","0","0","0","0","0","0","0","0","0","0","0","0","0","0","0","0",NA,NA,NA,NA,NA,NA,NA,NA,NA,NA,NA,NA,NA,NA,NA,NA,NA,NA,NA,NA,NA,NA,NA,NA,NA,NA,NA,NA,NA,NA,NA,NA,NA,NA,NA,NA,NA,NA,NA,NA,NA,NA,NA,NA,NA,NA,NA
"111","G134","0","0","0","0","0","0","0","0","0","0","0","0","0","0","0","0","0","0","0","0","0","0","0","0","0","0","0","0","0","0",NA,NA,NA,NA,NA,NA,NA,NA,NA,NA,NA,NA,NA,NA,NA,NA,NA,NA,NA,NA,NA,NA,NA,NA,NA,NA,NA,NA,NA,NA,NA,NA,NA,NA,NA,NA,NA,NA,NA,NA,NA,NA,NA,NA,NA,NA,NA
"112","G135","  0","  0","  0","  0","  0","  0","  0","  0","  0","  0","  0","  0","  0","  0","  0","  0","  0","  0","  0","  0","  0","342","  0","  0","  0","  0","  0","  0","  0","  0",NA,NA,NA,NA,NA,NA,NA,NA,NA,NA,NA,NA,NA,NA,NA,NA,NA,NA,NA,NA,NA,NA,NA,NA,NA,NA,NA,NA,NA,NA,NA,NA,NA,NA,NA,NA,NA,NA,NA,NA,NA,NA,NA,NA,NA,NA,NA
"113","G136","0","0","0","0","0","0","0","0","0","0","0","0","0","0","0","0","0","0","0","0","0","2","0","0","0","0","0","0","0","0",NA,NA,NA,NA,NA,NA,NA,NA,NA,NA,NA,NA,NA,NA,NA,NA,NA,NA,NA,NA,NA,NA,NA,NA,NA,NA,NA,NA,NA,NA,NA,NA,NA,NA,NA,NA,NA,NA,NA,NA,NA,NA,NA,NA,NA,NA,NA
"114","G137","   0","   0","  69","  30","   0","   0","   0","   0","   0","   0","   0","   0","   0","   0","   0","   0","   0","   0","   0","   0","   0","   4","   0","   0","   0","   0","   0","   0","8129","   7",NA,NA,NA,NA,NA,NA,NA,NA,NA,NA,NA,NA,NA,NA,NA,NA,NA,NA,NA,NA,NA,NA,NA,NA,NA,NA,NA,NA,NA,NA,NA,NA,NA,NA,NA,NA,NA,NA,NA,NA,NA,NA,NA,NA,NA,NA,NA
"115","G138"," 0"," 0"," 0"," 0"," 0"," 0"," 0"," 0"," 0"," 0"," 0"," 0"," 0"," 0"," 0"," 0"," 0"," 0"," 0"," 0"," 0"," 0"," 0"," 0"," 0"," 0"," 0"," 0"," 0","27",NA,NA,NA,NA,NA,NA,NA,NA,NA,NA,NA,NA,NA,NA,NA,NA,NA,NA,NA,NA,NA,NA,NA,NA,NA,NA,NA,NA,NA,NA,NA,NA,NA,NA,NA,NA,NA,NA,NA,NA,NA,NA,NA,NA,NA,NA,NA
"116","G139","   0","   0","1615","   0","   0","   0","   0","   0","   0","   0","   0","   0","   0","   0","   0","   0","   0","   0","   0","   0","   0","   0","   0","   0","   0","   0","   0","   0","   0","   0",NA,NA,NA,NA,NA,NA,NA,NA,NA,NA,NA,NA,NA,NA,NA,NA,NA,NA,NA,NA,NA,NA,NA,NA,NA,NA,NA,NA,NA,NA,NA,NA,NA,NA,NA,NA,NA,NA,NA,NA,NA,NA,NA,NA,NA,NA,NA
"117","G163","0","0","0","0","0","0","0","0","0","0","0","0","0","0","0","0","0","0","0","0","0","0","0","0","0","0","0","0","0","0",NA,NA,NA,NA,NA,NA,NA,NA,NA,NA,NA,NA,NA,NA,NA,NA,NA,NA,NA,NA,NA,NA,NA,NA,NA,NA,NA,NA,NA,NA,NA,NA,NA,NA,NA,NA,NA,NA,NA,NA,NA,NA,NA,NA,NA,NA,NA
"118","G164","   0","   0","  17","1113","   0","   0","   0","   0","   0","   0","   0","   0","   0","   0","   0","   0","   0","   0","   0","   0","   0","   0","   0","   0","   0","   0","   0","   0","   0","   0",NA,NA,NA,NA,NA,NA,NA,NA,NA,NA,NA,NA,NA,NA,NA,NA,NA,NA,NA,NA,NA,NA,NA,NA,NA,NA,NA,NA,NA,NA,NA,NA,NA,NA,NA,NA,NA,NA,NA,NA,NA,NA,NA,NA,NA,NA,NA
"119","G165","  0","  0","  0","124","  0","  0","  0","  0","  0","  0","  0","  0","  0","  0","  0","  0","  0","  0","  0","  0","  0","  0","  0","  0","  0","  0","  0","  0","  0","  0",NA,NA,NA,NA,NA,NA,NA,NA,NA,NA,NA,NA,NA,NA,NA,NA,NA,NA,NA,NA,NA,NA,NA,NA,NA,NA,NA,NA,NA,NA,NA,NA,NA,NA,NA,NA,NA,NA,NA,NA,NA,NA,NA,NA,NA,NA,NA
"120","G166","0","0","0","0","0","0","0","0","0","0","0","0","0","0","0","0","0","0","0","0","0","0","0","0","0","0","0","0","0","0",NA,NA,NA,NA,NA,NA,NA,NA,NA,NA,NA,NA,NA,NA,NA,NA,NA,NA,NA,NA,NA,NA,NA,NA,NA,NA,NA,NA,NA,NA,NA,NA,NA,NA,NA,NA,NA,NA,NA,NA,NA,NA,NA,NA,NA,NA,NA
"121","G169","   0","   0","   8","1769","   0","   0","   0","   0","   0","   0","   0","   0","   0","   0","   0","   0","   0","   0","   0","   0","   0","   0","   0","   0","   0","   0","   0","   0","   0","   0",NA,NA,NA,NA,NA,NA,NA,NA,NA,NA,NA,NA,NA,NA,NA,NA,NA,NA,NA,NA,NA,NA,NA,NA,NA,NA,NA,NA,NA,NA,NA,NA,NA,NA,NA,NA,NA,NA,NA,NA,NA,NA,NA,NA,NA,NA,NA
"122","G170","0","0","0","0","0","0","0","2","0","0","0","0","0","0","0","0","0","0","0","0","0","0","0","0","0","0","0","0","0","0",NA,NA,NA,NA,NA,NA,NA,NA,NA,NA,NA,NA,NA,NA,NA,NA,NA,NA,NA,NA,NA,NA,NA,NA,NA,NA,NA,NA,NA,NA,NA,NA,NA,NA,NA,NA,NA,NA,NA,NA,NA,NA,NA,NA,NA,NA,NA
"123","G186","  0","  0"," 20","  0","  0","  0","  0","  0","  0","  0","  0","  0","  0","  0","  0","  0","  0","  0","  0","  0","  0","  0","221","  0","  0","  0","  0","  0","  0","  0",NA,NA,NA,NA,NA,NA,NA,NA,NA,NA,NA,NA,NA,NA,NA,NA,NA,NA,NA,NA,NA,NA,NA,NA,NA,NA,NA,NA,NA,NA,NA,NA,NA,NA,NA,NA,NA,NA,NA,NA,NA,NA,NA,NA,NA,NA,NA
"124","G187"," 0"," 0","49"," 0"," 0"," 0"," 0"," 0"," 0"," 0"," 0"," 0"," 0"," 0"," 0"," 0"," 0"," 0"," 0"," 0"," 0"," 0"," 0","10"," 0"," 0"," 0"," 0"," 0"," 0",NA,NA,NA,NA,NA,NA,NA,NA,NA,NA,NA,NA,NA,NA,NA,NA,NA,NA,NA,NA,NA,NA,NA,NA,NA,NA,NA,NA,NA,NA,NA,NA,NA,NA,NA,NA,NA,NA,NA,NA,NA,NA,NA,NA,NA,NA,NA
"125","G188"," 0"," 0"," 0"," 0"," 0"," 0"," 0"," 0"," 0"," 0","12"," 0"," 0"," 0"," 0"," 0"," 0"," 0"," 0"," 0"," 0"," 0"," 0","35"," 0"," 0"," 0"," 0"," 0"," 0",NA,NA,NA,NA,NA,NA,NA,NA,NA,NA,NA,NA,NA,NA,NA,NA,NA,NA,NA,NA,NA,NA,NA,NA,NA,NA,NA,NA,NA,NA,NA,NA,NA,NA,NA,NA,NA,NA,NA,NA,NA,NA,NA,NA,NA,NA,NA
"126","G189","0","0","0","0","0","0","0","0","0","0","0","0","0","0","0","0","0","0","0","0","0","0","0","8","0","0","0","0","0","0",NA,NA,NA,NA,NA,NA,NA,NA,NA,NA,NA,NA,NA,NA,NA,NA,NA,NA,NA,NA,NA,NA,NA,NA,NA,NA,NA,NA,NA,NA,NA,NA,NA,NA,NA,NA,NA,NA,NA,NA,NA,NA,NA,NA,NA,NA,NA
"127","G190","0","0","0","0","0","0","0","0","0","0","0","0","0","0","0","0","0","0","0","0","0","0","0","0","0","0","0","0","0","0",NA,NA,NA,NA,NA,NA,NA,NA,NA,NA,NA,NA,NA,NA,NA,NA,NA,NA,NA,NA,NA,NA,NA,NA,NA,NA,NA,NA,NA,NA,NA,NA,NA,NA,NA,NA,NA,NA,NA,NA,NA,NA,NA,NA,NA,NA,NA
"128","G191","  0","  0","  0","  0","  0","135","  0","  0","  0","  0","  0","  0","  0","  0","  0","  0","  0","  0","  0","  0","  0","  0","  0","  0","  0","  0","  0","  0","  0","  0",NA,NA,NA,NA,NA,NA,NA,NA,NA,NA,NA,NA,NA,NA,NA,NA,NA,NA,NA,NA,NA,NA,NA,NA,NA,NA,NA,NA,NA,NA,NA,NA,NA,NA,NA,NA,NA,NA,NA,NA,NA,NA,NA,NA,NA,NA,NA
