"","V1","V2","V3","V4","V5","V6","V7","V8","V9","V10","V11","V12","V13","V14","V15","V16","V17","V18","V19","V20","V21","V22","V23","V24","V25","V26","V27","V28","V29","V30","V31","V32","V33","V34","V35","V36","V37","V38","V39","V40","V41","V42","V43","V44","V45","V46","V47","V48","V49","V50","V51","V52","V53","V54","V55","V56","V57","V58","V59","V60","V61","V62","V63","V64","V65","V66","V67","V68","V69","V70","V71","V72","V73","V74","V75","V76","V77","V78","V79","V80","V81","V82","V83","V84","V85","V86","V87","V88","V89","V90","V91","V92","V93","V94","V95","V96","V97","V98","V99","V100","V101","V102","V103","V104","V105","V106","V107","V108","V109","V110","V111","V112","V113","V114","V115","V116","V117","V118","V119","V120","V121","V122","V123","V124","V125","V126"
"sample","genus","species","con_G15","con_G31","con_G43","G001","G002","G003","G004","G005","G006","G007","G008","G009","G010","G011","G012","G013","G014","G015","G016","G017","G018","G019","G020","G021","G022","G023","G024","G025","G026","G027","G028","G029","G030","G031","G032","G033","G034","G035","G036","G037","G038","G039","G040","G041","G042","G043","G044","G045","G046","G047","G048","G049","G050","G051","G053","G054","G055","G056","G057","G062","G063","G064","G065","G066","G067","G068","G069","G070","G071","G072","G073","G074","G075","G076","G077","G078","G099","G100","G101","G102","G103","G104","G105","G106","G107","G108","G109","G110","G111","G112","G113","G114","G115","G116","G117","G118","G119","G120","G121","G122","G123","G125","G126","G127","G128","G129","G134","G135","G136","G137","G138","G139","G163","G164","G165","G166","G169","G170","G186","G187","G188","G189","G190","G191"
"Sphyrna lewini 1","Sphyrna","Sphyrna lewini","2","   3"," 6","    0","    0","    0","   4","   0","    1","  1","2","    1","    2","  0","  4","   0","  3","12"," 0","0","    1","   0","    4","    0","  1","  8","  1","    2","    1","    0","3","  0","  2","9","0"," 0","1"," 0","    2","0","   3","    3","2"," 0","   2","0","3","   0","  3","    5","1","1","    1","0","    5","    0"," 1","12","0","    4","  3"," 10","1","  3","    3","  4","    6"," 1","  5","    8"," 2","    0","  1","0","1","0","0"," 0","0","  0"," 0","    0","0","0","   0","   0","0","   0"," 0","   0","   0","   0","    0","0","0","0","  0","    0","0"," 0"," 0","0"," 0","0","0","0","0","  0","0","   0"," 0","   0","0","   0","  0","0","   0","0","  0"," 0"," 0","0","0","  0"
"Stegastes arcifrons 1","Stegastes","Stegastes arcifrons","1","   0"," 0","    1","    0","    0","   0","   5","    0","  0","0","    3","21835","  0","  1","   3","  0"," 3"," 0","5","    2","   0"," 8849","    7","  0","  2","  0","29320","    5","    2","3","  6","  1","5","1","21","0"," 0","    0","1","   0","    2","0"," 4","   0","0","2","   3","  5","36638","0","3","    4","0","    1","   11"," 0"," 2","1","57697"," 27","  2","1","  5","    2","  0","    0"," 2","  0","    4"," 2","    0","  0","0","0","2","0"," 0","0","  0"," 0","    0","0","0","   0","   0","0","   0"," 0","   0","   0","   0","    0","0","0","0","  0","    0","0"," 0"," 0","0"," 0","0","0","0","0","  0","0","   0"," 0","   0","0","   0","  0","0","   0","0","  0"," 0"," 0","0","0","  0"
"Mugil thoburni 1","Mugil","Mugil thoburni","4","   0"," 2","22050","    9","   43","8001","   5","    4","  6","5","    3","    5","  0","116","   0","263"," 1"," 0","2","    6","2544","    1","    1"," 10","  1","  0","    3","35437","    3","4","  6","350","4","1"," 3","9"," 1","19538","9","8436","29743","5","31"," 375","0","3","   0"," 25","   56","0","3","33676","0","    5","28882","27"," 9","1","   87","138","175","0","  3","    6","119","    4"," 2","735","  414"," 0","    4","  3","6","6","0","5","56","9","229"," 0","    1","0","0","   0","   0","0","6549","32","1937","2910","3715","29914","0","0","0","250","10196","0","55"," 0","0"," 0","0","0","0","0","  0","0","  69"," 0","1615","0","  17","  0","0","   8","0"," 20","49"," 0","0","0","  0"
"Mugil cephalus 1","Mugil","Mugil cephalus","0","3401"," 1"," 1544","    1","    0","1291","   1","    0","337","0","    0","    0","  0"," 55","   0","  0"," 0"," 0","0","    0","   0","    0","    0","  0","414","  0","    1","   17","    0","0","646","  0","0","0"," 0","0"," 1","    0","0"," 142","    0","0"," 0","2157","0","0","   0","  1","    2","0","0","    0","0","    0","    0"," 0"," 1","0","   77","  0","177","0","  0","   70","  0","  110","33","  0","    0"," 0","    0","735","0","0","0","0"," 0","0","  0"," 0","    0","0","0","   0","   0","0"," 299"," 7","   0","   0","   0","    0","0","0","0","  0","12100","0"," 0"," 0","0"," 0","0","0","0","0","  0","0","  30"," 0","   0","0","1113","124","0","1769","0","  0"," 0"," 0","0","0","  0"
"Decapterus genus 1","Decapterus","Decapterus genus","0","   0"," 0","    2","    0","    0","   0","   0","    0","  0","0","    3","    0","  0","  0","   0","  0"," 0"," 0","1","    0","   0","    0","    0","  0","  0","  0","    4","    0","    0","0","  0","  0","0","0"," 0","0"," 0","    0","0","   0","    0","0"," 7","   0","0","0","   0","  0","    0","0","5","    0","0","    0","    0"," 0"," 0","0","    0","  0","  0","0","  6","    0","  0","    1"," 0","  0","    0"," 0","27594","  4","0","6","0","0"," 0","0","  0"," 0","    0","0","0","   0","   0","0","   0"," 0","   0","   0","   0","    0","0","0","0","  0","    0","0"," 0"," 0","0"," 0","0","0","0","0","  0","0","   0"," 0","   0","0","   0","  0","0","   0","0","  0"," 0"," 0","0","0","  0"
"Hemiramphus lutkei 1","Hemiramphus","Hemiramphus lutkei","0","   1"," 0","    1","14950","22320","   5","9151","   10","  6","2","    0","    1","  2","  0","   1","  0"," 0"," 0","0","    0","   1","    0","    0","  0","  0","  0","    0","    1","    1","0","  1","  0","0","0"," 0","0"," 1","    0","0","   0","    0","0"," 0","   2","1","0","   0","  0","    0","0","0","    0","2","    0","    1"," 0"," 0","0","    2","  0","  0","0","  0","    1","  0","    0"," 1","  0","    0"," 0","    0","  0","0","0","1","0"," 0","0","  0"," 0","    0","0","0","   0","   0","0","   0"," 0","   0","   0","   0","    0","0","0","0","  0","    0","0"," 0"," 0","0"," 0","0","0","0","0","  0","0","   0"," 0","   0","0","   0","  0","0","   0","0","  0"," 0"," 0","0","0","135"
"Stegastes beebei 1","Stegastes","Stegastes beebei","0","   2"," 2","    0","    0","    2","   6","   2","    0","  0","0","    0","    0","  1","  9","9158","  4"," 6"," 0","2","18163","  12","   10","18649","320"," 16","  2","    1","    4","39116","7","  3","  0","3","1"," 0","0","23","    2","2","   0","    4","0"," 0","   2","2","8","   6","  0","    4","0","0","    1","4","    5","  861"," 0"," 3","0","    3","  1","  5","3","  2","    4","  4","71080","11","  5","57304"," 2","    0","  0","1","2","3","0"," 0","0","  0"," 0","    0","0","0","   0","   0","0","   0"," 0","   0","   0","   0","    0","0","0","0","  0","    0","0"," 0"," 0","0"," 0","0","0","0","0","  0","0","   0"," 0","   0","0","   0","  0","0","   0","0","  0"," 0"," 0","0","0","  0"
"Sphoeroides annulatus 1","Sphoeroides","Sphoeroides annulatus","0","   0"," 2","    0","    0","    0","   3","   0","    0","  0","0","    0","    0","  0","  3","   0","  0"," 0"," 0","0","    0","   1","37167","    7","  1","  2","  3","    0","    0","    0","3","  0","  0","0","0"," 0","0"," 0","    3","0","   0","    0","0"," 0","   0","0","2","   0","  0","    0","0","0","    0","0","    1","    0"," 0"," 0","0","    0","  0","  0","0","  0","  130","  0","    2"," 0","  0","    0"," 0","    0","  0","0","2","0","0"," 0","0","  0"," 0","    0","0","0","   0","   0","0","   0"," 0","   0","   0","   0","    0","0","0","0","  0","    0","0"," 0"," 0","0"," 0","0","0","0","0","  0","0","   0"," 0","   0","0","   0","  0","0","   0","2","  0"," 0"," 0","0","0","  0"
"Sardinops genus 1","Sardinops","Sardinops genus","0","   0"," 0","    0","    0","    0","   0","   0","    0","  0","0","    0","    0","  0","  0","   0","  0"," 0"," 0","0","    1","   0","    0","    0","  0","  0","  0","    0","    0","    0","0","  0","  0","0","0"," 0","1"," 0","    0","0","   0","    0","0"," 0","   1","0","0","   0","  0","    0","0","0","    0","0","    0","    0"," 0"," 0","0","    0","  0","  0","0","  0","13649","  0","    0"," 0","  0","    0"," 2","    0","  0","0","0","0","0"," 0","0","  0"," 0","    0","0","0","   0","   0","0","   0"," 0","   0","   0","   0","    0","0","0","0","  0","    0","0"," 0"," 0","0"," 0","0","0","0","0","  0","0","   0"," 0","   0","0","   0","  0","0","   0","0","  0"," 0"," 0","0","0","  0"
"Euthynnus affinis 1","Euthynnus","Euthynnus affinis","0","   0"," 0","    0","    0","    0","   0","   0","    0"," 76","0","    0","    0","  0","  0","   0","  0"," 0"," 0","0","    0","   0","    0","    0","  0","  0","378","    0","    0","    0","0","  0","  0","0","0"," 0","0"," 0","    0","0","   0","    0","0"," 0","   0","0","0","   0","  0","    0","0","0","    0","0","    0","    0"," 0"," 0","0","    0","  0","  0","0","  0","    0","  0","    0"," 0","  0","    0"," 0","    0","  0","0","0","0","0"," 0","0","  0"," 0","    0","0","0","   0","   0","0","   0"," 0","   0","   0","   0","    0","0","0","0","  0","    0","0"," 0"," 0","0"," 0","0","0","0","0","  0","0","   0"," 0","   0","0","   0","  0","0","   0","0","  0"," 0"," 0","0","0","  0"
"Scarus ghobban 1","Scarus","Scarus ghobban","0","   0"," 0","    0","    0","  104","   0","   0","    0","  0","0","    0","    0","  0","  0","   0","  0"," 0"," 0","0","    0","   0","    0","    0","  0","  0","  0","    0","    0","    0","0","  0","  0","0","0"," 0","0"," 0","    0","0","   0","    0","0"," 0","   0","0","0","   0","  0","    0","0","0","    0","0","    0","    0"," 0"," 0","0","    0","  0","  0","0","  0","    0","  0","    0"," 0","  0","    0"," 0","    1","  0","0","0","0","0"," 0","0","  0"," 0","    0","0","0","   0","   0","0","   0"," 0","   0","   0","   0","    0","0","0","0","  0","    0","0"," 0"," 0","0"," 0","0","0","0","0","  0","0","   0"," 0","   0","0","   0","  0","0","   0","0","  0"," 0","12","0","0","  0"
"Anisotremus scapularis 1","Anisotremus","Anisotremus scapularis","0","   0"," 0","    0","    0","    0","   0","   0","   59"," 22","0","    0","    0","  0","  0","   0","  0"," 0"," 0","0","    0","   0","    0","    0","  0","  0","  0","    0","    0","    0","0","  0","  0","0","0"," 0","0"," 0","    0","0","   0","    0","0"," 0","   0","0","0","   0","  0","    0","0","0","    0","0","    0","    0"," 0"," 0","0","    0","  0","  0","0","  0","    0","  0","    0"," 0","  0","    0"," 0","    0","  0","0","0","0","0"," 0","0","  0"," 0","    0","0","0","   0","   0","0","   0"," 0","   0","   0","   0","    0","0","0","0","  0","    0","0"," 0"," 0","0"," 0","0","0","0","0","  0","0","   0"," 0","   0","0","   0","  0","0","   0","0","  0"," 0"," 0","0","0","  0"
"Muraena lentiginosa 1","Muraena","Muraena lentiginosa","0","   0"," 0","    0","    0","    0","   0","   0","    0"," 94","0","    0","    0","105","  0","   0","  0"," 0"," 0","0","    0","   0","    0","    0","  0","  0","  0","    0","    0","    0","0","  0","  0","0","0"," 0","0"," 0","    0","0","   0","    0","0"," 0","   0","0","0","   0","  0","    0","0","0","    0","0","    0","    0"," 0"," 0","0","    0","  0","  0","0","885","    0","  0","    0"," 0","  0","    0"," 0","    0","  0","0","0","0","0"," 0","0","  0"," 0","    0","0","0","   0","   0","0","   0"," 0","   0","   0","   0","    0","0","0","0","  0","    0","0"," 0"," 0","0"," 0","0","0","0","0","  0","0","   0"," 0","   0","0","   0","  0","0","   0","0","  0"," 0"," 0","0","0","  0"
"Caranx crysos 1","Caranx","Caranx crysos","0","   0"," 0","    0","    0","    0","   0","   0","    0","  0","0","    0","    0","  0","  0","   0","  0"," 0"," 0","0","    0","   0","    0","    0","  0","  0","  0","    0","    0","    0","0","  0","  0","0","0"," 0","0"," 0","    0","0","   0","    0","0"," 0","   0","0","0","   0","  0","    0","0","0","    0","0","    0","    0"," 0"," 0","0","    0","  0","  0","0","  0","    0","  0","    0"," 0","  0","    0","45","    0","  0","0","0","0","0"," 0","0","  0"," 0","    0","0","0","   0","   0","0","   0"," 0","   0","   0","   0","    0","0","0","0","  0","    0","0"," 0"," 0","0"," 0","0","0","0","0","  0","0","   0"," 0","   0","0","   0","  0","0","   0","0","  0"," 0"," 0","0","0","  0"
"Lutjanus genus 1","Lutjanus","Lutjanus genus","0","   0"," 0","    0","    0","    0","   0","   0","    0","  0","0","   43","    0","  0","  0","   0","  0"," 0"," 0","0","    0","   0","    0","    0","  0","  0","  0","    0","    0","    0","0","  0","  0","0","0"," 0","0"," 0","    0","0","   0","    0","0"," 0","   0","0","0","   0","  0","    0","0","0","    0","0","    0","    0"," 0"," 0","0","    0","  0","  0","0","  0","    0","  0","    0"," 0","  0","    0"," 0","    0","  0","0","0","0","0"," 0","0","  0"," 0","    0","0","0","   0","   0","0","   0"," 0","   0","   0","   0","    0","0","0","0","  0","    0","0"," 0"," 0","0"," 0","0","0","0","0","  0","0","   0"," 0","   0","0","   0","  0","0","   0","0","  0"," 0"," 0","0","0","  0"
"Teleophrys cristulipes 1","Teleophrys","Teleophrys cristulipes","0","   0"," 0","    0","    0","    0","   0","   0","    0","  0","0","    0","    0","  0","  0","   0","  0"," 0"," 0","0","    0","   0","    0","    0","  0","  0","  0","    0","    0","    0","0","  0","  0","0","0"," 0","0"," 0","    0","0","   0","    0","0"," 0","   0","0","0","2284","  0","    0","0","0","    0","0","    0","    0"," 0"," 0","0","    0","  0","  0","0","  0","    0","  0","    0"," 0","  0","    0"," 0","    0","  0","0","0","0","0"," 0","0","  0"," 0"," 3211","0","0","   0","   0","0","   0"," 0","   0","   0","   0","    0","0","0","0","  0","    0","0"," 0"," 0","0"," 0","0","0","0","0","  0","0","   0"," 0","   0","0","   0","  0","0","   0","0","  0"," 0"," 0","0","0","  0"
"Grapsus grapsus 1","Grapsus","Grapsus grapsus","0","   0"," 0","    0","    0","    0","   0","   0","    0","  0","0","    0","    0","  0","  0","   0","  0"," 0"," 0","0","    0","   0","    0","    0","  0","  0","  0","    0","    0","    0","0","  0","  0","0","0"," 0","0"," 0","    0","0","   0","    0","0"," 0","   0","0","0"," 272","  0","    0","0","0","    0","0","    0","    0"," 0"," 0","0","    0","  0","  0","0","  0","    0","  0","    0"," 0","  0","    0"," 0","    0","  0","0","0","0","0"," 0","0","  0"," 0","    0","0","0","   0","   0","0","   0"," 0","   0","   0","   0","    0","0","0","0","  0","    0","0"," 0"," 0","0"," 0","0","0","0","0","  0","0","   0"," 0","   0","0","   0","  0","0","   0","0","  0"," 0"," 0","0","0","  0"
"Pachygrapsus socius 1","Pachygrapsus","Pachygrapsus socius","0","   0"," 0","    0","    0","    0","   0","   0","    0","  0","0","    0","    0","  0","  0","   0","  0"," 0"," 0","0","    0","   0","    0","    0","  0","  0","  0","    0","    0","    0","0","  0","  0","0","0"," 0","0"," 0","    0","0","   0","    0","0"," 0","   0","0","0","   0","  0","    0","0","0","    0","0","    0","    0"," 0"," 0","0","    0","  0","172","0","  0","    0","  0","    0"," 0","  0","    0"," 0","    0","  0","0","0","0","0"," 0","0","  0"," 0","    0","0","0","   0","   0","0","   0"," 0","   0","   0","   0","    0","0","0","0","  0","    0","0"," 0"," 0","0"," 0","0","0","0","0","  0","0","   0"," 0","   0","0","   0","  0","0","   0","0","  0"," 0"," 0","0","0","  0"
"Amphipholis squamata 1","Amphipholis","Amphipholis squamata","0","   0"," 0","    0","    0","    0","   0","   0","    0","  0","0","    0","    0","  0","  0","   0","  0"," 0"," 0","0","    0","   0","    0","    0","  0","  0","  0","    0","    0","    0","0","  0","  0","0","0"," 0","0"," 0","    0","0","   0","    0","0"," 0","   0","0","0","   0","  0","    0","0","0","    0","0","    0","    0"," 0"," 0","0","    0","  0","595","0","  0","    0","  0","    0"," 0","  0","    0"," 0","    0","  0","0","0","0","0"," 0","0","  0"," 0","    0","0","0","   0","   0","0","   0"," 0","   0","   0","   0","    0","0","0","0","  0","    0","0"," 0"," 0","0"," 0","0","0","0","0","  0","0","   0"," 0","   0","0","   0","  0","0","   0","0","  0"," 0"," 0","0","0","  0"
"Calappa convexa 1","Calappa","Calappa convexa","0","   0"," 0","    0","    0","    0","   0","   0","    0","  0","0","    0","    0","  0","  0","   0","  0"," 0"," 0","0","    0","   0","    0","    0","  0","  0","  0","    0","    0","    0","0","  0","  0","0","0"," 0","0"," 0","    0","0","   0","    0","0"," 0","   0","0","0","   0","  0","    0","0","0","    0","0","    0","    0"," 0"," 0","0","    0","  0","  0","0","  0","    0","  0","    0"," 0","  0","    0"," 0","    0","  0","0","0","0","0"," 0","0","  0"," 0","    0","0","0","   0","   0","0","   0"," 0","   0","   0","   0","    0","0","0","0","  0","    0","0"," 0"," 0","0"," 0","0","0","0","0","  0","0","   0"," 0","   0","0","   0","  0","0","   0","0","  0"," 0"," 0","0","0","  0"
"Thunnus genus 1","Thunnus","Thunnus genus","0","   0"," 0","    0","    0","    0","   0","   0","    0","  0","0","    0","    0","  0","  0","   0","  0"," 0"," 0","0","    0","   0","    0","    0","  0","  0","  0","    0","    0","    0","0","  0","  0","0","0"," 0","0"," 0","    0","0","   0","    0","0"," 0","   0","0","0","   0","  0","    0","0","0","    0","0","    0","    0"," 0"," 0","0","    0","  0","  0","0","  0","    0","  0","    0"," 0","  0","    0"," 0","    0","  0","0","0","0","0"," 0","0","  0"," 0","    0","0","0","1511","   0","0","   0"," 0","   0","   0","   0","    0","0","0","0","  0","    0","0"," 0"," 0","0"," 0","0","0","0","0","  0","0","   0"," 0","   0","0","   0","  0","0","   0","0","  0"," 0"," 0","0","0","  0"
"Selar crumenophthalmus 1","Selar","Selar crumenophthalmus","0","   0"," 0","    0","    0","    0","   0","   0","    0","  0","0","    0","    0","  0","  0","   0","  0"," 0"," 0","0","    0","   0","    0","    0","  0","  0","  0","    0","    0","    0","0","  0","  0","0","0"," 0","0"," 0","    0","0","   0","    0","0"," 0","   0","0","0","   0","  0","    0","0","0","    0","0","    0","    0"," 0"," 0","0","    0","  0","  0","0","  0","    0","  0","    0"," 0","  0","    0"," 0","    0","  0","0","0","0","0"," 0","0","  0"," 0","    0","0","0","   0","   0","0","   0"," 0","   0","   0","   0","    0","0","0","0","  0","    0","0"," 0"," 0","0"," 0","0","0","0","0","342","2","   4"," 0","   0","0","   0","  0","0","   0","0","  0"," 0"," 0","0","0","  0"
"Fistularia commersonii 1","Fistularia","Fistularia commersonii","0","   0"," 0","    0","    0","    0","   0","   0","    0","  0","0","    0","    0","  0","  0","   0","  0"," 0"," 0","0","    0","   0","    0","    0","  0","  0","  0","    0","    0","    0","0","  0","  0","0","0"," 0","0"," 0","    0","0","   0","    0","0"," 0","   0","0","0","   0","  0","    0","0","0","    0","0","    0","    0"," 0"," 0","0","    0","  0","  0","0","  0","    0","  0","    0"," 0","  0","    0"," 0","    0","  0","0","0","0","0"," 0","0","  0"," 0","    0","0","0","   0","   0","0","   0"," 0","   0","   0","   0","    0","0","0","0","  0","    0","0"," 0"," 0","0"," 0","0","0","0","0","  0","0","   0"," 0","   0","0","   0","  0","0","   0","0","221"," 0"," 0","0","0","  0"
"Semicossyphus pulcher 1","Semicossyphus","Semicossyphus pulcher","0","   0"," 0","    0","    0","    0","   0","   0","    0","  0","0","    0","    0","  0","  0","   0","  0"," 0"," 0","0","    0","   0","    0","    0","  0","  0","  0","    0","    0","    0","0","  0","  0","0","0"," 0","0"," 0","    0","0","   0","    0","0"," 0","   0","0","0","   0","  0","    0","0","0","    0","0","    0","    0"," 0"," 0","0","    0","  0","  0","0","  0","    0","  0","    0"," 0","  0","    0"," 0","    0","  0","0","0","0","0"," 0","0","  0"," 0","    0","0","0","   0","   0","0","   0"," 0","   0","   0","   0","    0","0","0","0","  0","    0","0"," 0"," 0","0"," 0","0","0","0","0","  0","0","   0"," 0","   0","0","   0","  0","0","   0","0","  0","10","35","8","0","  0"
"Meiosquilla dawsoni 1","Meiosquilla","Meiosquilla dawsoni","0","   0"," 0","    0","    0","    0","   0","   0","    0","  0","0","    0","    0","  0","  0","   0","  0"," 0"," 0","0","    0","   0","    0","    0","  0","  0","  0","    0","    0","    0","0","  0","  0","0","0"," 0","0"," 0","    0","0","   0","    0","0"," 0","   0","0","0","   0","  0","    0","0","0","    0","0","    0","    0"," 0"," 0","0","    0","  0","  0","0","  0","    0","  0","    0"," 0","  0","    0"," 0","    0","  0","0","0","0","0"," 0","0","  0"," 0","    0","0","0","   0","   0","0","   0"," 0","   0","   0","   0","    0","0","0","0","  0","    0","0"," 0"," 0","0"," 0","0","0","0","0","  0","0","   0"," 0","   0","0","   0","  0","0","   0","0","  0"," 0"," 0","0","0","  0"
"Achelous tuberculatus 1","Achelous","Achelous tuberculatus","0","   0"," 0","    0","    0","    0","   0","   0","    0","  0","0","    0","    0","  0","  0","   0","  0"," 0"," 0","0","    0","   0","    0","    0","  0","  0","  0","    0","    0","    0","0","  0","  0","0","0"," 0","0"," 0","    0","0","   0","    0","0"," 0","   0","0","0","   0","  0","    0","0","0","    0","0","    0","    0"," 0"," 0","0","    0","  0","  0","0","  0","    0","  0","    0"," 0","  0","    0"," 0","    0","  0","0","0","0","0"," 0","0","  0"," 0","    0","0","0","   0","   0","0","   0"," 0","   0","   0","   0","    0","0","0","0","  0","    0","0"," 0"," 0","0"," 0","0","0","0","0","  0","0","   0"," 0","   0","0","   0","  0","0","   0","0","  0"," 0"," 0","0","0","  0"
"Palaemon ritteri 1","Palaemon","Palaemon ritteri","0","   0"," 0","    0","    0","    0","   0","   0","    0","  0","0","    0","    0","  0","  0","   0","  0"," 0"," 0","0","    0","   0","    0","    0","  0","  0","  0","    0","    0","    0","0","  0","  0","0","0"," 0","0"," 0","    0","0","   0","    0","0"," 0","   0","0","0","   0","  0","    0","0","0","    0","0","    0","    0"," 0"," 0","0","    0","  0","  0","0","  0","    0","  0","    0"," 0","  0","    0"," 0","    0","  0","0","0","0","0"," 0","0","  0"," 0","    0","0","0","   0","   0","0","   0"," 0","   0","   0","   0","    0","0","0","0","  0","    0","0"," 0"," 0","0"," 0","0","0","0","0","  0","0","   0"," 0","   0","0","   0","  0","0","   0","0","  0"," 0"," 0","0","0","  0"
"Microcassiope xantusii 1","Microcassiope","Microcassiope xantusii","0","   0"," 0","    0","    0","    0","   0","   0","    0","  0","0","    0","    0","  0","  0","   0","  0"," 0"," 0","0","    0","   0","    0","    0","  0","  0","  0","    0","    0","    0","0","  0","  0","0","0"," 0","0"," 0","    0","0","   0","    0","0"," 0","   0","0","0","   0","  0","    0","0","0","    0","0","    0","    0"," 0"," 0","0","    0","  0","  0","0","  0","    0","  0","    0"," 0","  0","    0"," 0","    0","  0","0","0","0","0"," 0","0","  0"," 0","    0","0","0","   0","   0","0","   0"," 0","   0","   0","   0","    0","0","0","0","  0","    0","0"," 0"," 0","0"," 0","0","0","0","0","  0","0","   0"," 0","   0","0","   0","  0","0","   0","0","  0"," 0"," 0","0","0","  0"
"Abudefduf","Abudefduf","Abudefduf genus","1","   1","10"," 1013","    0","   76","   3","   3","22627","  1","6","25328","    3","  1","  7","   3","  5"," 1"," 2","7","    1","   2","    6","14466","  7","  0","  1","    2","    0","    0","1","  3","  2","0","0"," 2","0"," 0","    1","2","   2","    0","2"," 3","   1","0","2","   4","118","   42","0","6","    1","2","75603","   21"," 5"," 4","3","    0"," 86","  0","0","  4","    0","241","    2"," 2","  2","    0"," 0","    2","  0","0","0","0","0"," 0","0","  0"," 0","54484","0","0","   0","8594","0","   0"," 0","   0","   0","   0","    0","0","0","0","  0","    0","0"," 0"," 0","0"," 0","0","0","0","0","  0","0","8129"," 0","   0","0","   0","  0","0","   0","0","  0"," 0"," 0","0","0","  0"
"Actinopteri","Actinopteri class","Actinopteri class","0","   0"," 0","    0","    0","    0","   0","   0","    0"," 56","0","    0","    0","  0","  0","   0","  0"," 0","13","0","    0","   0","    0","    0"," 94","  0","  0","    0","    0","    0","0","  0","  0","0","0"," 0","0"," 0","    0","0","   0","    0","0"," 0","   0","0","0","   0","  0","    0","0","0","    0","0","    0","    0"," 0"," 0","0","    0","  0","364","0","  0","    0","  0","    0"," 0","  0","    0"," 0","    0","191","0","0","0","0"," 0","5","  0","33","    0","0","0"," 267","  19","0","   0"," 0","   2","   0","   6","   69","0","0","1","  0","   44","0"," 0","84","0","22","0","0","0","0","  0","0","   7","27","   0","0","   0","  0","0","   0","0","  0"," 0"," 0","0","0","  0"
"sample_id",NA,NA,"con_G15","con_G31","con_G43","G001","G002","G003","G004","G005","G006","G007","G008","G009","G010","G011","G012","G013","G014","G015","G016","G017","G018","G019","G020","G021","G022","G023","G024","G025","G026","G027","G028","G029","G030","G031","G032","G033","G034","G035","G036","G037","G038","G039","G040","G041","G042","G043","G044","G045","G046","G047","G048","G049","G050","G051","G053","G054","G055","G056","G057","G062",NA,NA,NA,NA,NA,NA,NA,NA,NA,NA,NA,NA,NA,NA,NA,NA,NA,NA,NA,NA,NA,NA,NA,NA,NA,NA,NA,NA,NA,NA,NA,NA,NA,NA,NA,NA,NA,NA,NA,NA,NA,NA,NA,NA,NA,NA,NA,NA,NA,NA,NA,NA,NA,NA,NA,NA,NA,NA,NA,NA,NA,NA,NA,NA
"Site.Name",NA,NA,"La Seca","La Seca","Rosa Blanca 1","Rosa Blanca 1","Rosa Blanca 1","Rosa Blanca 1","Rosa Blanca 1","Rosa Blanca 1","Puerto Grande","Puerto Grande","Puerto Grande","Puerto Grande","Puerto Grande","Puerto Grande","Puerto Grande","Puerto Grande","La Seca","La Seca","La Seca","La Seca","La Seca","Puerto Grande","Puerto Grande","Puerto Grande","Puerto Grande","Puerto Grande","Puerto Grande","La Seca","La Seca","La Seca","La Seca","La Seca","La Seca","La Seca","La Seca","La Seca","La Tortuga","Cerro Brujo","Rosa Blanca 1","Rosa Blanca 1","Rosa Blanca 1","Rosa Blanca 1","Rosa Blanca 1","Rosa Blanca 1","Rosa Blanca 1","Rosa Blanca 1","Rosa Blanca 2","Rosa Blanca 2","Rosa Blanca 2","Rosa Blanca 2","Rosa Blanca 2","Rosa Blanca 2","Cerro Brujo","Cerro Brujo","Cerro Brujo","Cerro Brujo","Cerro Brujo","Cerro Brujo","Cerro Brujo","Puerto Grande",NA,NA,NA,NA,NA,NA,NA,NA,NA,NA,NA,NA,NA,NA,NA,NA,NA,NA,NA,NA,NA,NA,NA,NA,NA,NA,NA,NA,NA,NA,NA,NA,NA,NA,NA,NA,NA,NA,NA,NA,NA,NA,NA,NA,NA,NA,NA,NA,NA,NA,NA,NA,NA,NA,NA,NA,NA,NA,NA,NA,NA,NA,NA,NA
"nb_reads",NA,NA," 8673","30069","40603","24658","28617","37068","16412","17106","24830"," 7107","  328","25622","22308","  193","24370","37703","26894","39162"," 5772","19985","21594","29301","60411","33440","16337","47340","44728","39738","47388","42081","13906"," 4180"," 1017"," 3434","38018"," 1061","  431","39997","54364","25512","42946","48364","43205","32701"," 3563"," 3348","44619"," 3082"," 2161","49885","27550","10677","34538","67407","77675","43522","20481"," 1327","35553","63308",NA,NA,NA,NA,NA,NA,NA,NA,NA,NA,NA,NA,NA,NA,NA,NA,NA,NA,NA,NA,NA,NA,NA,NA,NA,NA,NA,NA,NA,NA,NA,NA,NA,NA,NA,NA,NA,NA,NA,NA,NA,NA,NA,NA,NA,NA,NA,NA,NA,NA,NA,NA,NA,NA,NA,NA,NA,NA,NA,NA,NA,NA,NA,NA
"nb_motus",NA,NA," 8","10","10","32","11","14","26","13","23","11"," 8","25","27"," 6","12","29"," 7","14"," 4"," 8","36","13","35","50","14","13"," 7","30","22","36","13"," 9"," 8"," 7"," 4"," 4"," 5"," 6","18"," 6","19","20"," 4"," 6","14"," 4"," 8"," 8"," 9","32"," 2"," 6","13"," 6","24","38"," 7"," 8"," 4","28",NA,NA,NA,NA,NA,NA,NA,NA,NA,NA,NA,NA,NA,NA,NA,NA,NA,NA,NA,NA,NA,NA,NA,NA,NA,NA,NA,NA,NA,NA,NA,NA,NA,NA,NA,NA,NA,NA,NA,NA,NA,NA,NA,NA,NA,NA,NA,NA,NA,NA,NA,NA,NA,NA,NA,NA,NA,NA,NA,NA,NA,NA,NA,NA
"Sample.ID",NA,NA,"Control_G15","Control G31","Control G43","G1","G2","G3","G4","G5","G6","G7","G8","G9","G10","G11","G12","G13","G14","G15","G16","G17","G18","G19","G20","G21","G22","G23","G24","G25","G26","G27","G28","G29","G30","G31","G32","G33","G34","G35","G36","G37","G38","G39","G40","G41","G42","G43","G44","G45","G46","G47","G48","G49","G50","G51","G53","G54","G55","G56","G57","G62",NA,NA,NA,NA,NA,NA,NA,NA,NA,NA,NA,NA,NA,NA,NA,NA,NA,NA,NA,NA,NA,NA,NA,NA,NA,NA,NA,NA,NA,NA,NA,NA,NA,NA,NA,NA,NA,NA,NA,NA,NA,NA,NA,NA,NA,NA,NA,NA,NA,NA,NA,NA,NA,NA,NA,NA,NA,NA,NA,NA,NA,NA,NA,NA
"Date.Collected..MM.DD.YYYY.",NA,NA,"06/14/2021","06/15/2021","06/23/2021","06/12/2021","06/12/2021","06/12/2021","06/12/2021","06/12/2021","06/14/2021","06/14/2021","06/14/2021","06/14/2021","06/14/2021","06/14/2021","06/14/2021","06/14/2021","06/14/2021","06/14/2021","06/14/2021","06/14/2021","06/14/2021","06/15/2021","06/15/2021","06/15/2021","06/15/2021","06/15/2021","06/15/2021","06/15/2021","06/15/2021","06/15/2021","06/15/2021","06/15/2021","06/15/2021","06/15/2021","06/15/2021","06/15/2021","06/17/2021","06/17/2021","06/23/2021","06/23/2021","06/23/2021","06/23/2021","06/23/2021","06/23/2021","06/23/2021","06/23/2021","06/23/2021","06/23/2021","06/23/2021","06/23/2021","06/23/2021","06/23/2021","06/25/2021","06/25/2021","06/25/2021","06/25/2021","06/25/2021","06/25/2021","06/25/2021","06/27/2021",NA,NA,NA,NA,NA,NA,NA,NA,NA,NA,NA,NA,NA,NA,NA,NA,NA,NA,NA,NA,NA,NA,NA,NA,NA,NA,NA,NA,NA,NA,NA,NA,NA,NA,NA,NA,NA,NA,NA,NA,NA,NA,NA,NA,NA,NA,NA,NA,NA,NA,NA,NA,NA,NA,NA,NA,NA,NA,NA,NA,NA,NA,NA,NA
"Time.Net.Set..or.catch.",NA,NA,"9:32","9:51","6:50","6:58","6:58","6:58","6:58","9:00","6:29","6:29","6:29","6:29","6:29","6:29","6:29","6:29","9:32","9:32","9:32","9:32","9:32","5:45","5:45","6:25","7:25","8:25","9:25","9:51","9:51","9:51","9:51","9:51","9:51","9:51","9:51","9:51","9:53","12:55","6:50","6:50","6:50","6:50","6:50","6:50","6:50","6:50","10:50","10:50","10:50","10:50","10:50","10:50","8:19","8:19","8:19","8:19","8:19","8:19","8:19","5:55",NA,NA,NA,NA,NA,NA,NA,NA,NA,NA,NA,NA,NA,NA,NA,NA,NA,NA,NA,NA,NA,NA,NA,NA,NA,NA,NA,NA,NA,NA,NA,NA,NA,NA,NA,NA,NA,NA,NA,NA,NA,NA,NA,NA,NA,NA,NA,NA,NA,NA,NA,NA,NA,NA,NA,NA,NA,NA,NA,NA,NA,NA,NA,NA
"Island",NA,NA,"San Cristobal","San Cristobal","San Cristobal","San Cristobal","San Cristobal","San Cristobal","San Cristobal","San Cristobal","San Cristobal","San Cristobal","San Cristobal","San Cristobal","San Cristobal","San Cristobal","San Cristobal","San Cristobal","San Cristobal","San Cristobal","San Cristobal","San Cristobal","San Cristobal","San Cristobal","San Cristobal","San Cristobal","San Cristobal","San Cristobal","San Cristobal","San Cristobal","San Cristobal","San Cristobal","San Cristobal","San Cristobal","San Cristobal","San Cristobal","San Cristobal","San Cristobal","San Cristobal","San Cristobal","San Cristobal","San Cristobal","San Cristobal","San Cristobal","San Cristobal","San Cristobal","San Cristobal","San Cristobal","San Cristobal","San Cristobal","San Cristobal","San Cristobal","San Cristobal","San Cristobal","San Cristobal","San Cristobal","San Cristobal","San Cristobal","San Cristobal","San Cristobal","San Cristobal","San Cristobal",NA,NA,NA,NA,NA,NA,NA,NA,NA,NA,NA,NA,NA,NA,NA,NA,NA,NA,NA,NA,NA,NA,NA,NA,NA,NA,NA,NA,NA,NA,NA,NA,NA,NA,NA,NA,NA,NA,NA,NA,NA,NA,NA,NA,NA,NA,NA,NA,NA,NA,NA,NA,NA,NA,NA,NA,NA,NA,NA,NA,NA,NA,NA,NA
"Species..common.name.",NA,NA,"Blacktip","Blacktip","Blacktip","Blacktip","Blacktip","Blacktip","Blacktip","Blacktip","Blacktip","Blacktip","Blacktip","Blacktip","Blacktip","Blacktip","Blacktip","Blacktip","Blacktip","Blacktip","Blacktip","Blacktip","Blacktip","Blacktip","Blacktip","Blacktip","Blacktip","Blacktip","Blacktip","Blacktip","Blacktip","Blacktip","Blacktip","Blacktip","Blacktip","Blacktip","Blacktip","Blacktip","Blacktip","Blacktip","Blacktip","Blacktip","Blacktip","Blacktip","Blacktip","Blacktip","Blacktip","Blacktip","Blacktip","Blacktip","Blacktip","Blacktip","Blacktip","Blacktip","Blacktip","Blacktip","Blacktip","Blacktip","Blacktip","Blacktip","Blacktip","Blacktip",NA,NA,NA,NA,NA,NA,NA,NA,NA,NA,NA,NA,NA,NA,NA,NA,NA,NA,NA,NA,NA,NA,NA,NA,NA,NA,NA,NA,NA,NA,NA,NA,NA,NA,NA,NA,NA,NA,NA,NA,NA,NA,NA,NA,NA,NA,NA,NA,NA,NA,NA,NA,NA,NA,NA,NA,NA,NA,NA,NA,NA,NA,NA,NA
"Species..scientific.name.",NA,NA,"Carcharhinus limbatus","Carcharhinus limbatus","Carcharhinus limbatus","Carcharhinus limbatus","Carcharhinus limbatus","Carcharhinus limbatus","Carcharhinus limbatus","Carcharhinus limbatus","Carcharhinus limbatus","Carcharhinus limbatus","Carcharhinus limbatus","Carcharhinus limbatus","Carcharhinus limbatus","Carcharhinus limbatus","Carcharhinus limbatus","Carcharhinus limbatus","Carcharhinus limbatus","Carcharhinus limbatus","Carcharhinus limbatus","Carcharhinus limbatus","Carcharhinus limbatus","Carcharhinus limbatus","Carcharhinus limbatus","Carcharhinus limbatus","Carcharhinus limbatus","Carcharhinus limbatus","Carcharhinus limbatus","Carcharhinus limbatus","Carcharhinus limbatus","Carcharhinus limbatus","Carcharhinus limbatus","Carcharhinus limbatus","Carcharhinus limbatus","Carcharhinus limbatus","Carcharhinus limbatus","Carcharhinus limbatus","Carcharhinus limbatus","Carcharhinus limbatus","Carcharhinus limbatus","Carcharhinus limbatus","Carcharhinus limbatus","Carcharhinus limbatus","Carcharhinus limbatus","Carcharhinus limbatus","Carcharhinus limbatus","Carcharhinus limbatus","Carcharhinus limbatus","Carcharhinus limbatus","Carcharhinus limbatus","Carcharhinus limbatus","Carcharhinus limbatus","Carcharhinus limbatus","Carcharhinus limbatus","Carcharhinus limbatus","Carcharhinus limbatus","Carcharhinus limbatus","Carcharhinus limbatus","Carcharhinus limbatus","Carcharhinus limbatus","Carcharhinus limbatus",NA,NA,NA,NA,NA,NA,NA,NA,NA,NA,NA,NA,NA,NA,NA,NA,NA,NA,NA,NA,NA,NA,NA,NA,NA,NA,NA,NA,NA,NA,NA,NA,NA,NA,NA,NA,NA,NA,NA,NA,NA,NA,NA,NA,NA,NA,NA,NA,NA,NA,NA,NA,NA,NA,NA,NA,NA,NA,NA,NA,NA,NA,NA,NA
"Spaghetti.Tag.ID",NA,NA,NA,NA,NA,NA,NA,NA,NA,NA,NA,NA,NA,NA,NA,NA,NA,NA,NA,NA,NA,NA,NA,NA,NA,NA,NA,NA,NA,NA,NA,NA,NA,NA,NA,NA,NA,NA,NA,NA,NA,NA,NA,NA,NA,NA,NA,NA,NA,NA,NA,NA,NA,NA,NA,NA,NA,NA,NA,NA,NA,NA,NA,NA,NA,NA,NA,NA,NA,NA,NA,NA,NA,NA,NA,NA,NA,NA,NA,NA,NA,NA,NA,NA,NA,NA,NA,NA,NA,NA,NA,NA,NA,NA,NA,NA,NA,NA,NA,NA,NA,NA,NA,NA,NA,NA,NA,NA,NA,NA,NA,NA,NA,NA,NA,NA,NA,NA,NA,NA,NA,NA,NA,NA,NA,NA
"PIT.Tag.ID",NA,NA,NA,NA,NA,NA,NA,NA,NA,NA,NA,NA,NA,NA,NA,NA,NA,NA,NA,NA,NA,NA,NA,NA,NA,NA,NA,NA,NA,NA,NA,NA,NA,NA,NA,NA,NA,NA,NA,NA,NA,NA,NA,NA,NA,NA,NA,NA,NA,NA,NA,NA,NA,NA,NA,NA,NA,NA,NA,NA,NA,NA,NA,NA,NA,NA,NA,NA,NA,NA,NA,NA,NA,NA,NA,NA,NA,NA,NA,NA,NA,NA,NA,NA,NA,NA,NA,NA,NA,NA,NA,NA,NA,NA,NA,NA,NA,NA,NA,NA,NA,NA,NA,NA,NA,NA,NA,NA,NA,NA,NA,NA,NA,NA,NA,NA,NA,NA,NA,NA,NA,NA,NA,NA,NA,NA
"Satellite.Tag.ID",NA,NA,NA,NA,NA,NA,NA,NA,NA,NA,NA,NA,NA,NA,NA,NA,NA,NA,NA,NA,NA,NA,NA,NA,NA,NA,NA,NA,NA,NA,NA,NA,NA,NA,NA,NA,NA,NA,NA,NA,NA,NA,NA,NA,NA,NA,NA,NA,NA,NA,NA,NA,NA,NA,NA,NA,NA,NA,NA,NA,NA,NA,NA,NA,NA,NA,NA,NA,NA,NA,NA,NA,NA,NA,NA,NA,NA,NA,NA,NA,NA,NA,NA,NA,NA,NA,NA,NA,NA,NA,NA,NA,NA,NA,NA,NA,NA,NA,NA,NA,NA,NA,NA,NA,NA,NA,NA,NA,NA,NA,NA,NA,NA,NA,NA,NA,NA,NA,NA,NA,NA,NA,NA,NA,NA,NA
"Acoustic.Tag.ID",NA,NA,NA,NA,NA,NA,NA,NA,NA,NA,NA,NA,NA,NA,NA,NA,NA,NA,NA,NA,NA,NA,NA,NA,NA,NA,NA,NA,NA,NA,NA,NA,NA,NA,NA,NA,NA,NA,NA,NA,NA,NA,NA,NA,NA,NA,NA,NA,NA,NA,NA,NA,NA,NA,NA,NA,NA,NA,NA,NA,NA,NA,NA,NA,NA,NA,NA,NA,NA,NA,NA,NA,NA,NA,NA,NA,NA,NA,NA,NA,NA,NA,NA,NA,NA,NA,NA,NA,NA,NA,NA,NA,NA,NA,NA,NA,NA,NA,NA,NA,NA,NA,NA,NA,NA,NA,NA,NA,NA,NA,NA,NA,NA,NA,NA,NA,NA,NA,NA,NA,NA,NA,NA,NA,NA,NA
"Sex",NA,NA,"F","M","F","F","F","M","M","M","M","F","F","M","M","M","F","M","M","F","F","M","M","F","M","F","M","M","F","M","F","M","M","M","M","M","F","F","F","M","F","F","F","M","F","M","F","F","M","M","M","F","M","F","F","F","F","F","F","F","M","F",NA,NA,NA,NA,NA,NA,NA,NA,NA,NA,NA,NA,NA,NA,NA,NA,NA,NA,NA,NA,NA,NA,NA,NA,NA,NA,NA,NA,NA,NA,NA,NA,NA,NA,NA,NA,NA,NA,NA,NA,NA,NA,NA,NA,NA,NA,NA,NA,NA,NA,NA,NA,NA,NA,NA,NA,NA,NA,NA,NA,NA,NA,NA,NA
"Lateral..mm.",NA,NA,NA,NA,NA,NA,NA,NA,NA,NA,NA,NA,NA,NA,NA,NA,NA,NA,NA,NA,NA,NA,NA,NA,NA,NA,NA,NA,NA,NA,NA,NA,NA,NA,NA,NA,NA,NA,NA,NA,NA,NA,NA,NA,NA,NA,NA,NA,NA,NA,NA,NA,NA,NA,NA,NA,NA,NA,NA,NA,NA,NA,NA,NA,NA,NA,NA,NA,NA,NA,NA,NA,NA,NA,NA,NA,NA,NA,NA,NA,NA,NA,NA,NA,NA,NA,NA,NA,NA,NA,NA,NA,NA,NA,NA,NA,NA,NA,NA,NA,NA,NA,NA,NA,NA,NA,NA,NA,NA,NA,NA,NA,NA,NA,NA,NA,NA,NA,NA,NA,NA,NA,NA,NA,NA,NA
"Girth..mm.",NA,NA,NA,NA,NA,NA,NA,NA,NA,NA,NA,NA,NA,NA,NA,NA,NA,NA,NA,NA,NA,NA,NA,NA,NA,NA,NA,NA,NA,NA,NA,NA,NA,NA,NA,NA,NA,NA,NA,NA,NA,NA,NA,NA,NA,NA,NA,NA,NA,NA,NA,NA,NA,NA,NA,NA,NA,NA,NA,NA,NA,NA,NA,NA,NA,NA,NA,NA,NA,NA,NA,NA,NA,NA,NA,NA,NA,NA,NA,NA,NA,NA,NA,NA,NA,NA,NA,NA,NA,NA,NA,NA,NA,NA,NA,NA,NA,NA,NA,NA,NA,NA,NA,NA,NA,NA,NA,NA,NA,NA,NA,NA,NA,NA,NA,NA,NA,NA,NA,NA,NA,NA,NA,NA,NA,NA
"Proximal..mm.",NA,NA,NA,NA,NA,NA,NA,NA,NA,NA,NA,NA,NA,NA,NA,NA,NA,NA,NA,NA,NA,NA,NA,NA,NA,NA,NA,NA,NA,NA,NA,NA,NA,NA,NA,NA,NA,NA,NA,NA,NA,NA,NA,NA,NA,NA,NA,NA,NA,NA,NA,NA,NA,NA,NA,NA,NA,NA,NA,NA,NA,NA,NA,NA,NA,NA,NA,NA,NA,NA,NA,NA,NA,NA,NA,NA,NA,NA,NA,NA,NA,NA,NA,NA,NA,NA,NA,NA,NA,NA,NA,NA,NA,NA,NA,NA,NA,NA,NA,NA,NA,NA,NA,NA,NA,NA,NA,NA,NA,NA,NA,NA,NA,NA,NA,NA,NA,NA,NA,NA,NA,NA,NA,NA,NA,NA
"Fork.Length..mm.",NA,NA,"564","555","554","545","525","555","537","571","550","590","585","550","540","550","540","550","550","564","530","550","560","565","555","540","550","590","530","530","535","585","575","550","580","555","543","577","516","535","535","560","530","532","538","570","533","554","550","600","554","578","530","552","630","580","590","540","750","600","560","600",NA,NA,NA,NA,NA,NA,NA,NA,NA,NA,NA,NA,NA,NA,NA,NA,NA,NA,NA,NA,NA,NA,NA,NA,NA,NA,NA,NA,NA,NA,NA,NA,NA,NA,NA,NA,NA,NA,NA,NA,NA,NA,NA,NA,NA,NA,NA,NA,NA,NA,NA,NA,NA,NA,NA,NA,NA,NA,NA,NA,NA,NA,NA,NA
"Stretched.Total.Length..mm.",NA,NA,"695","698","686","694","660","710","683","714","640","730","720","680","650","670","690","675","678","695","655","678","685","704","700","655","750","710","650","630","670","714","680","690","720","698","673","693","650","675","670","701","660","676","685","720","684","686","660","750","700","709","620","685","790","720","730","680","940","820","700","710",NA,NA,NA,NA,NA,NA,NA,NA,NA,NA,NA,NA,NA,NA,NA,NA,NA,NA,NA,NA,NA,NA,NA,NA,NA,NA,NA,NA,NA,NA,NA,NA,NA,NA,NA,NA,NA,NA,NA,NA,NA,NA,NA,NA,NA,NA,NA,NA,NA,NA,NA,NA,NA,NA,NA,NA,NA,NA,NA,NA,NA,NA,NA,NA
"Weight..kg.",NA,NA,NA,NA,NA,NA,NA,NA,NA,NA,NA,NA,NA,NA,NA,NA,NA,NA,NA,NA,NA,NA,NA,NA,NA,NA,NA,NA,NA,NA,NA,NA,NA,NA,NA,NA,NA,NA,NA,NA,NA,NA,NA,NA,NA,NA,NA,NA,NA,NA,NA,NA,NA,NA,NA,NA,NA,NA,NA,NA,NA,NA,NA,NA,NA,NA,NA,NA,NA,NA,NA,NA,NA,NA,NA,NA,NA,NA,NA,NA,NA,NA,NA,NA,NA,NA,NA,NA,NA,NA,NA,NA,NA,NA,NA,NA,NA,NA,NA,NA,NA,NA,NA,NA,NA,NA,NA,NA,NA,NA,NA,NA,NA,NA,NA,NA,NA,NA,NA,NA,NA,NA,NA,NA,NA,NA
"Blood..Y.N.",NA,NA,"Y","Y","Y","Y","Y","Y","Y","Y","Y","Y","Y","Y","Y","Y","Y","Y","Y","Y","Y","Y","Y","N","N","Y","Y","Y","Y","Y","Y","Y","Y","Y","Y","Y","Y","Y","Y","Y","Y","Y","Y","Y","Y","Y","Y","Y","Y","Y","Y","Y","Y","Y","Y","Y","Y","Y","Y","Y","Y","Y",NA,NA,NA,NA,NA,NA,NA,NA,NA,NA,NA,NA,NA,NA,NA,NA,NA,NA,NA,NA,NA,NA,NA,NA,NA,NA,NA,NA,NA,NA,NA,NA,NA,NA,NA,NA,NA,NA,NA,NA,NA,NA,NA,NA,NA,NA,NA,NA,NA,NA,NA,NA,NA,NA,NA,NA,NA,NA,NA,NA,NA,NA,NA,NA
"Umbilical.Scar..Y.N.",NA,NA,NA,NA,NA,NA,NA,NA,NA,NA,NA,NA,NA,NA,NA,NA,NA,NA,NA,NA,NA,NA,NA,NA,NA,NA,NA,NA,NA,NA,NA,NA,NA,NA,NA,NA,NA,NA,NA,NA,NA,NA,NA,NA,NA,NA,NA,NA,NA,NA,NA,NA,NA,NA,NA,NA,NA,NA,NA,NA,NA,NA,NA,NA,NA,NA,NA,NA,NA,NA,NA,NA,NA,NA,NA,NA,NA,NA,NA,NA,NA,NA,NA,NA,NA,NA,NA,NA,NA,NA,NA,NA,NA,NA,NA,NA,NA,NA,NA,NA,NA,NA,NA,NA,NA,NA,NA,NA,NA,NA,NA,NA,NA,NA,NA,NA,NA,NA,NA,NA,NA,NA,NA,NA,NA,NA
"Recapture.Spaghetti.Tag.ID",NA,NA,NA,NA,NA,NA,NA,NA,NA,NA,NA,NA,NA,NA,NA,NA,NA,NA,NA,NA,NA,NA,NA,NA,NA,NA,NA,NA,NA,NA,NA,NA,NA,NA,NA,NA,NA,NA,NA,NA,NA,NA,NA,NA,NA,NA,NA,NA,NA,NA,NA,NA,NA,NA,NA,NA,NA,NA,NA,NA,NA,NA,NA,NA,NA,NA,NA,NA,NA,NA,NA,NA,NA,NA,NA,NA,NA,NA,NA,NA,NA,NA,NA,NA,NA,NA,NA,NA,NA,NA,NA,NA,NA,NA,NA,NA,NA,NA,NA,NA,NA,NA,NA,NA,NA,NA,NA,NA,NA,NA,NA,NA,NA,NA,NA,NA,NA,NA,NA,NA,NA,NA,NA,NA,NA,NA
"Recapture.PIT.Tag.ID",NA,NA,NA,NA,NA,NA,NA,NA,NA,NA,NA,NA,NA,NA,NA,NA,NA,NA,NA,NA,NA,NA,NA,NA,NA,NA,NA,NA,NA,NA,NA,NA,NA,NA,NA,NA,NA,NA,NA,NA,NA,NA,NA,NA,NA,NA,NA,NA,NA,NA,NA,NA,NA,NA,NA,NA,NA,NA,NA,NA,NA,NA,NA,NA,NA,NA,NA,NA,NA,NA,NA,NA,NA,NA,NA,NA,NA,NA,NA,NA,NA,NA,NA,NA,NA,NA,NA,NA,NA,NA,NA,NA,NA,NA,NA,NA,NA,NA,NA,NA,NA,NA,NA,NA,NA,NA,NA,NA,NA,NA,NA,NA,NA,NA,NA,NA,NA,NA,NA,NA,NA,NA,NA,NA,NA,NA
"Salinity..ppt.",NA,NA,"34.80","34.91","32.59",NA,NA,NA,NA,NA,"34.85","34.85","34.85","34.85","34.85","34.85","34.85","34.85","34.80","34.80","34.80","34.80","34.80","34.76","34.76","34.76","34.76","34.76","34.76","34.91","34.91","34.91","34.91","34.91","34.91","34.91","34.91","34.91","34.35","34.91","32.59","32.59","32.59","32.59","32.59","32.59","32.59","32.59","34.07","34.07","34.07","34.07","34.07","34.07","34.89","34.89","34.89","34.89","34.89","34.89","34.89","35.06",NA,NA,NA,NA,NA,NA,NA,NA,NA,NA,NA,NA,NA,NA,NA,NA,NA,NA,NA,NA,NA,NA,NA,NA,NA,NA,NA,NA,NA,NA,NA,NA,NA,NA,NA,NA,NA,NA,NA,NA,NA,NA,NA,NA,NA,NA,NA,NA,NA,NA,NA,NA,NA,NA,NA,NA,NA,NA,NA,NA,NA,NA,NA,NA
"Tide",NA,NA,"Outgoing","","Outgoing","Incoming","Incoming","Incoming","Incoming","Incoming","Outgoing","Outgoing","Outgoing","Outgoing","Outgoing","Outgoing","Outgoing","Outgoing","Outgoing","Outgoing","Outgoing","Outgoing","Outgoing","Outgoing","Outgoing","Outgoing","Outgoing","Outgoing","Outgoing","","","","","","","","","","Outgoing","","Outgoing","Outgoing","Outgoing","Outgoing","Outgoing","Outgoing","Outgoing","Outgoing","Incoming","Incoming","Incoming","Incoming","Incoming","Incoming","Outgoing","Outgoing","Outgoing","Outgoing","Outgoing","Outgoing","Outgoing","Outgoing",NA,NA,NA,NA,NA,NA,NA,NA,NA,NA,NA,NA,NA,NA,NA,NA,NA,NA,NA,NA,NA,NA,NA,NA,NA,NA,NA,NA,NA,NA,NA,NA,NA,NA,NA,NA,NA,NA,NA,NA,NA,NA,NA,NA,NA,NA,NA,NA,NA,NA,NA,NA,NA,NA,NA,NA,NA,NA,NA,NA,NA,NA,NA,NA
"Water.Temperature..C.",NA,NA,"23.62","24.65","23.33",NA,NA,NA,NA,NA,"23.29","23.29","23.29","23.29","23.29","23.29","23.29","23.29","23.62","23.62","23.62","23.62","23.62","23.95","23.95","23.95","23.95","23.95","23.95","24.65","24.65","24.65","24.65","24.65","24.65","24.65","24.65","24.65","23.91","25.88","23.33","23.33","23.33","23.33","23.33","23.33","23.33","23.33","24.58","24.58","24.58","24.58","24.58","24.58","23.32","23.32","23.32","23.32","23.32","23.32","23.32","22.25",NA,NA,NA,NA,NA,NA,NA,NA,NA,NA,NA,NA,NA,NA,NA,NA,NA,NA,NA,NA,NA,NA,NA,NA,NA,NA,NA,NA,NA,NA,NA,NA,NA,NA,NA,NA,NA,NA,NA,NA,NA,NA,NA,NA,NA,NA,NA,NA,NA,NA,NA,NA,NA,NA,NA,NA,NA,NA,NA,NA,NA,NA,NA,NA
"Method.of.Capture",NA,NA,"Seine Net","Seine Net","Seine Net","Seine Net","Seine Net","Seine Net","Seine Net","Gill Net","Gill Net","Gill Net","Gill Net","Gill Net","Gill Net","Gill Net","Gill Net","Gill Net","Seine Net","Seine Net","Seine Net","Seine Net","Seine Net","Seine Net","Seine Net","Gill Net","Gill Net","Gill Net","Gill Net","Seine Net","Seine Net","Seine Net","Seine Net","Seine Net","Seine Net","Seine Net","Seine Net","Seine Net","Gill Net","Gill Net","Seine Net","Seine Net","Seine Net","Seine Net","Seine Net","Seine Net","Seine Net","Seine Net","Gill Net","Gill Net","Gill Net","Gill Net","Gill Net","Gill Net","Gill Net","Gill Net","Gill Net","Gill Net","Gill Net","Gill Net","Gill Net","Gill Net",NA,NA,NA,NA,NA,NA,NA,NA,NA,NA,NA,NA,NA,NA,NA,NA,NA,NA,NA,NA,NA,NA,NA,NA,NA,NA,NA,NA,NA,NA,NA,NA,NA,NA,NA,NA,NA,NA,NA,NA,NA,NA,NA,NA,NA,NA,NA,NA,NA,NA,NA,NA,NA,NA,NA,NA,NA,NA,NA,NA,NA,NA,NA,NA
"Associated.Water.Sample.IDs",NA,NA,"","GW12","","GW1, GW2, GW3, GW4","GW1, GW2, GW3, GW4","GW1, GW2, GW3, GW4","GW1, GW2, GW3, GW4","GW1, GW2, GW3, GW4","","","","","","","","","","","","","","GW9, GW10, GW11","GW9, GW10, GW11","GW9, GW10, GW11","GW9, GW10, GW11","GW9, GW10, GW11","GW9, GW10, GW11","GW12","GW12","GW12","GW12","GW12","GW12","GW12","GW12","GW12","","","","","","","","","","","","","","","","","","","","","","","","",NA,NA,NA,NA,NA,NA,NA,NA,NA,NA,NA,NA,NA,NA,NA,NA,NA,NA,NA,NA,NA,NA,NA,NA,NA,NA,NA,NA,NA,NA,NA,NA,NA,NA,NA,NA,NA,NA,NA,NA,NA,NA,NA,NA,NA,NA,NA,NA,NA,NA,NA,NA,NA,NA,NA,NA,NA,NA,NA,NA,NA,NA,NA,NA
"BRUV.File.Name",NA,NA,"","","merged_6/23/21_Rosa Blanca 1_B2C1; merged_6/23/21_Rosa Blanca 1_B2C2","merged_6/12/21_Rosa Blanca 1_B2C1; merged_6/12/21_Rosa Blanca 1_B2C2","merged_6/12/21_Rosa Blanca 1_B2C1; merged_6/12/21_Rosa Blanca 1_B2C2","merged_6/12/21_Rosa Blanca 1_B2C1; merged_6/12/21_Rosa Blanca 1_B2C2","merged_6/12/21_Rosa Blanca 1_B2C1; merged_6/12/21_Rosa Blanca 1_B2C2","merged_6/12/21_Rosa Blanca 1_B2C1; merged_6/12/21_Rosa Blanca 1_B2C2","merged_6/14/21_Puerto Grande_B2C1; merged_6/14/21_Puerto Grande_B2C2","merged_6/14/21_Puerto Grande_B2C1; merged_6/14/21_Puerto Grande_B2C2","merged_6/14/21_Puerto Grande_B2C1; merged_6/14/21_Puerto Grande_B2C2","merged_6/14/21_Puerto Grande_B2C1; merged_6/14/21_Puerto Grande_B2C2","merged_6/14/21_Puerto Grande_B2C1; merged_6/14/21_Puerto Grande_B2C2","merged_6/14/21_Puerto Grande_B2C1; merged_6/14/21_Puerto Grande_B2C2","merged_6/14/21_Puerto Grande_B2C1; merged_6/14/21_Puerto Grande_B2C2","merged_6/14/21_Puerto Grande_B2C1; merged_6/14/21_Puerto Grande_B2C2","","","","","","merged_6/15/21_Puerto Grande_B2C1; merged_6/15/21_Puerto Grande_B2C2","merged_6/15/21_Puerto Grande_B2C1; merged_6/15/21_Puerto Grande_B2C2","merged_6/15/21_Puerto Grande_B2C1; merged_6/15/21_Puerto Grande_B2C2","merged_6/15/21_Puerto Grande_B2C1; merged_6/15/21_Puerto Grande_B2C2","merged_6/15/21_Puerto Grande_B2C1; merged_6/15/21_Puerto Grande_B2C2","merged_6/15/21_Puerto Grande_B2C1; merged_6/15/21_Puerto Grande_B2C2","","","","","","","","","","merged_6/17/21_La Tortuga_B2C1; merged_6/17/21_La Tortuga_B2C2","","merged_6/23/21_Rosa Blanca 1_B2C1; merged_6/23/21_Rosa Blanca 1_B2C2","merged_6/23/21_Rosa Blanca 1_B2C1; merged_6/23/21_Rosa Blanca 1_B2C2","merged_6/23/21_Rosa Blanca 1_B2C1; merged_6/23/21_Rosa Blanca 1_B2C2","merged_6/23/21_Rosa Blanca 1_B2C1; merged_6/23/21_Rosa Blanca 1_B2C2","merged_6/23/21_Rosa Blanca 1_B2C1; merged_6/23/21_Rosa Blanca 1_B2C2","merged_6/23/21_Rosa Blanca 1_B2C1; merged_6/23/21_Rosa Blanca 1_B2C2","merged_6/23/21_Rosa Blanca 1_B2C1; merged_6/23/21_Rosa Blanca 1_B2C2","merged_6/23/21_Rosa Blanca 1_B2C1; merged_6/23/21_Rosa Blanca 1_B2C2","","","","","","","merged_6/25/21_Cerro Brujo_B2C1; merged_6/25/21_Cerro Brujo_B2C2","merged_6/25/21_Cerro Brujo_B2C1; merged_6/25/21_Cerro Brujo_B2C2","merged_6/25/21_Cerro Brujo_B2C1; merged_6/25/21_Cerro Brujo_B2C2","merged_6/25/21_Cerro Brujo_B2C1; merged_6/25/21_Cerro Brujo_B2C2","merged_6/25/21_Cerro Brujo_B2C1; merged_6/25/21_Cerro Brujo_B2C2","merged_6/25/21_Cerro Brujo_B2C1; merged_6/25/21_Cerro Brujo_B2C2","merged_6/25/21_Cerro Brujo_B2C1; merged_6/25/21_Cerro Brujo_B2C2","merged_6/27/21_Puerto Grande_B2C1; merged_6/27/21_Puerto Grande_B2C2",NA,NA,NA,NA,NA,NA,NA,NA,NA,NA,NA,NA,NA,NA,NA,NA,NA,NA,NA,NA,NA,NA,NA,NA,NA,NA,NA,NA,NA,NA,NA,NA,NA,NA,NA,NA,NA,NA,NA,NA,NA,NA,NA,NA,NA,NA,NA,NA,NA,NA,NA,NA,NA,NA,NA,NA,NA,NA,NA,NA,NA,NA,NA,NA
"Assosiated.DNA.Blood.Sample",NA,NA,"","S31","S43","S1","S2","S3","S4","S5","S6","S7","S8","S9","S10","S11","S12","S13","S14","S15","S16","S17","S18","","","S21","S22","S23","S24","S25","S26","S27","S28","S29","S30","S31","S32","S33","S34","S35","S36","S37","S38","S39","S40","S41","S42","S43","S44","S45","S46","S47","S48","S49","S50","S51","S53","S54","S55","S56","S57","S62",NA,NA,NA,NA,NA,NA,NA,NA,NA,NA,NA,NA,NA,NA,NA,NA,NA,NA,NA,NA,NA,NA,NA,NA,NA,NA,NA,NA,NA,NA,NA,NA,NA,NA,NA,NA,NA,NA,NA,NA,NA,NA,NA,NA,NA,NA,NA,NA,NA,NA,NA,NA,NA,NA,NA,NA,NA,NA,NA,NA,NA,NA,NA,NA
"Fishing.Notes",NA,NA,""," ","","","","","","Haley took this swab and I'm not sure if she went past the sphincter","","","","","","","","","","","","","","","","","","","","Gill parasite"," "," "," "," "," "," "," "," "," ","Recaptured and struggled a bit but survived","","","","","","","","","","","","","","","","","Blood didn't separate all the way when spun","","","Made weird noise with mouth, kind of seemed like it was seizing","","",NA,NA,NA,NA,NA,NA,NA,NA,NA,NA,NA,NA,NA,NA,NA,NA,NA,NA,NA,NA,NA,NA,NA,NA,NA,NA,NA,NA,NA,NA,NA,NA,NA,NA,NA,NA,NA,NA,NA,NA,NA,NA,NA,NA,NA,NA,NA,NA,NA,NA,NA,NA,NA,NA,NA,NA,NA,NA,NA,NA,NA,NA,NA,NA
"Swab.Appearence",NA,NA,"None","None","None"," "," "," "," ","None","Medium","Alot","Medium","Medium","Light","Medium","Light","Alot","None","Light (greenish)","Alot","Light (greenish)","Light (yellowish)","Light","Alot","Medium","Medium","Medium","Light","Medium","Medium","Medium","Medium","Light","Alot","Light","Light","Alot","Medium","Light","Medium","Light","Light","Alot","Light","Light with Mucus","Alot","None","Medium","Alot","Alot","Medium","Light","Light","Light","None","Light","Medium","Light","Alot","None","Light",NA,NA,NA,NA,NA,NA,NA,NA,NA,NA,NA,NA,NA,NA,NA,NA,NA,NA,NA,NA,NA,NA,NA,NA,NA,NA,NA,NA,NA,NA,NA,NA,NA,NA,NA,NA,NA,NA,NA,NA,NA,NA,NA,NA,NA,NA,NA,NA,NA,NA,NA,NA,NA,NA,NA,NA,NA,NA,NA,NA,NA,NA,NA,NA
"Date.Extraction.Started",NA,NA,"6/15/21","6/15/21","6/23/21","6/13/21","6/13/21","6/13/21","6/13/21","6/13/21","6/15/21","6/15/21","6/15/21","6/15/21","6/15/21","6/15/21","6/15/21","6/15/21","6/15/21","6/15/21","6/15/21","6/15/21","6/15/21","6/15/21","6/15/21","6/15/21","6/15/21","6/15/21","6/15/21","6/15/21","6/15/21","6/15/21","6/15/21","6/15/21","6/15/21","6/15/21","6/15/21","6/15/21","6/17/21","6/17/21","6/23/21","6/23/21","6/23/21","6/23/21","6/23/21","6/23/21","6/23/21","6/23/21","6/23/21","6/23/21","6/23/21","6/23/21","6/23/21","6/23/21","6/25/21","6/25/21","6/25/21","6/25/21","6/25/21","6/25/21","6/25/21","7/19/21",NA,NA,NA,NA,NA,NA,NA,NA,NA,NA,NA,NA,NA,NA,NA,NA,NA,NA,NA,NA,NA,NA,NA,NA,NA,NA,NA,NA,NA,NA,NA,NA,NA,NA,NA,NA,NA,NA,NA,NA,NA,NA,NA,NA,NA,NA,NA,NA,NA,NA,NA,NA,NA,NA,NA,NA,NA,NA,NA,NA,NA,NA,NA,NA
"Time.placed.in.incubator.for.Step.2",NA,NA,"4:00 PM","4:00 PM","6:30 PM","6:00 PM","6:00 PM","6:00 PM","6:00 PM","6:00 PM","4:00 PM","4:00 PM","4:00 PM","4:00 PM","4:00 PM","4:00 PM","4:00 PM","4:00 PM","4:00 PM","4:00 PM","4:00 PM","4:00 PM","4:00 PM","4:00 PM","4:00 PM","4:00 PM","4:00 PM","4:00 PM","4:00 PM","4:00 PM","4:00 PM","4:00 PM","4:00 PM","4:00 PM","4:00 PM","4:00 PM","4:00 PM","4:00 PM","4:30 PM","4:30 PM","6:30 PM","6:30 PM","6:30 PM","6:30 PM","6:30 PM","6:30 PM","6:30 PM","6:30 PM","6:30 PM","6:30 PM","6:30 PM","6:30 PM","6:30 PM","6:30 PM","5:54 PM","5:54 PM","5:54 PM","5:54 PM","5:54 PM","5:54 PM","5:54 PM","2:45 PM",NA,NA,NA,NA,NA,NA,NA,NA,NA,NA,NA,NA,NA,NA,NA,NA,NA,NA,NA,NA,NA,NA,NA,NA,NA,NA,NA,NA,NA,NA,NA,NA,NA,NA,NA,NA,NA,NA,NA,NA,NA,NA,NA,NA,NA,NA,NA,NA,NA,NA,NA,NA,NA,NA,NA,NA,NA,NA,NA,NA,NA,NA,NA,NA
"Placed.in.feezer.after.step.5...Y.N.",NA,NA,"Y","Y","N","N","N","N","N","N","Y","Y","Y","Y","Y","Y","Y","Y","Y","Y","Y","Y","Y","Y","Y","Y","Y","Y","Y","Y","Y","Y","Y","Y","Y","Y","Y","Y","N","N","N","N","N","N","N","N","N","N","N","N","N","N","N","N","N","N","N","N","N","N","N","N",NA,NA,NA,NA,NA,NA,NA,NA,NA,NA,NA,NA,NA,NA,NA,NA,NA,NA,NA,NA,NA,NA,NA,NA,NA,NA,NA,NA,NA,NA,NA,NA,NA,NA,NA,NA,NA,NA,NA,NA,NA,NA,NA,NA,NA,NA,NA,NA,NA,NA,NA,NA,NA,NA,NA,NA,NA,NA,NA,NA,NA,NA,NA,NA
"If.placed.in.freezer.what.date.",NA,NA,"6/16/21","6/16/21","","","","","","","6/16/21","6/16/21","6/16/21","6/16/21","6/16/21","6/16/21","6/16/21","6/16/21","6/16/21","6/16/21","6/16/21","6/16/21","6/16/21","6/16/21","6/16/21","6/16/21","6/16/21","6/16/21","6/16/21","6/16/21","6/16/21","6/16/21","6/16/21","6/16/21","6/16/21","6/16/21","6/16/21","6/16/21","","","","","","","","","","","","","","","","","","","","","","","","",NA,NA,NA,NA,NA,NA,NA,NA,NA,NA,NA,NA,NA,NA,NA,NA,NA,NA,NA,NA,NA,NA,NA,NA,NA,NA,NA,NA,NA,NA,NA,NA,NA,NA,NA,NA,NA,NA,NA,NA,NA,NA,NA,NA,NA,NA,NA,NA,NA,NA,NA,NA,NA,NA,NA,NA,NA,NA,NA,NA,NA,NA,NA,NA
"Date.fully.extracted",NA,NA,"6/19/21","6/19/21","6/24/21","6/13/21","6/13/21","6/13/21","6/13/21","6/13/21","6/18/21","6/18/21","6/19/21","6/18/21","6/19/21","6/19/21","6/18/21","6/18/21","6/18/21","6/18/21","6/19/21","6/18/21","6/18/21","6/18/21","6/18/21","6/18/21","6/18/21","6/18/21","6/18/21","6/18/21","6/18/21","6/18/21","6/18/21","6/18/21","6/18/21","6/18/21","6/18/21","6/18/21","6/19/21","6/19/21","6/24/21","6/24/21","6/24/21","6/24/21","6/24/21","6/24/21","6/24/21","6/24/21","6/24/21","6/24/21","6/24/21","6/24/21","6/24/21","6/24/21","6/26/21","6/26/21","6/26/21","6/26/21","6/26/21","6/26/21","6/26/21","",NA,NA,NA,NA,NA,NA,NA,NA,NA,NA,NA,NA,NA,NA,NA,NA,NA,NA,NA,NA,NA,NA,NA,NA,NA,NA,NA,NA,NA,NA,NA,NA,NA,NA,NA,NA,NA,NA,NA,NA,NA,NA,NA,NA,NA,NA,NA,NA,NA,NA,NA,NA,NA,NA,NA,NA,NA,NA,NA,NA,NA,NA,NA,NA
"DNA.Extraction.Notes",NA,NA,"Was left in green cooler with no ice for a few hours; DNA extraction tube named ""control outside rub""","","","Used 96% ethanol from marine ecology lab","Used 96% ethanol from marine ecology lab","Used 96% ethanol from marine ecology lab","Partial liquid evaporation after step 2 incubation; Used 96% ethanol from marine ecology lab","All liquid evaporated after step 2 so I added 325ul of water to rehydrate; Used 96% ethanol from marine ecology lab","","","","","Mostly evaporated but didn't add water","","","","","Dropped swab in tube holder when cutting","","","","","","","","","","","","","","","","","","","","","","","","","","","","Almost fully evaporated after step 2 so added 325ul of PCR water","","","","","","","","","","","","","","",NA,NA,NA,NA,NA,NA,NA,NA,NA,NA,NA,NA,NA,NA,NA,NA,NA,NA,NA,NA,NA,NA,NA,NA,NA,NA,NA,NA,NA,NA,NA,NA,NA,NA,NA,NA,NA,NA,NA,NA,NA,NA,NA,NA,NA,NA,NA,NA,NA,NA,NA,NA,NA,NA,NA,NA,NA,NA,NA,NA,NA,NA,NA,NA
"Date.of.1st.PCR",NA,NA,NA,NA,NA,NA,NA,NA,NA,NA,NA,NA,NA,NA,NA,NA,NA,NA,NA,NA,NA,NA,NA,NA,NA,NA,NA,NA,NA,NA,NA,NA,NA,NA,NA,NA,NA,NA,NA,NA,NA,NA,NA,NA,NA,NA,NA,NA,NA,NA,NA,NA,NA,NA,NA,NA,NA,NA,NA,NA,NA,NA,NA,NA,NA,NA,NA,NA,NA,NA,NA,NA,NA,NA,NA,NA,NA,NA,NA,NA,NA,NA,NA,NA,NA,NA,NA,NA,NA,NA,NA,NA,NA,NA,NA,NA,NA,NA,NA,NA,NA,NA,NA,NA,NA,NA,NA,NA,NA,NA,NA,NA,NA,NA,NA,NA,NA,NA,NA,NA,NA,NA,NA,NA,NA,NA
"X",NA,NA,NA,NA,NA,NA,NA,NA,NA,NA,NA,NA,NA,NA,NA,NA,NA,NA,NA,NA,NA,NA,NA,NA,NA,NA,NA,NA,NA,NA,NA,NA,NA,NA,NA,NA,NA,NA,NA,NA,NA,NA,NA,NA,NA,NA,NA,NA,NA,NA,NA,NA,NA,NA,NA,NA,NA,NA,NA,NA,NA,NA,NA,NA,NA,NA,NA,NA,NA,NA,NA,NA,NA,NA,NA,NA,NA,NA,NA,NA,NA,NA,NA,NA,NA,NA,NA,NA,NA,NA,NA,NA,NA,NA,NA,NA,NA,NA,NA,NA,NA,NA,NA,NA,NA,NA,NA,NA,NA,NA,NA,NA,NA,NA,NA,NA,NA,NA,NA,NA,NA,NA,NA,NA,NA,NA
"X.1",NA,NA,NA,NA,NA,NA,NA,NA,NA,NA,NA,NA,NA,NA,NA,NA,NA,NA,NA,NA,NA,NA,NA,NA,NA,NA,NA,NA,NA,NA,NA,NA,NA,NA,NA,NA,NA,NA,NA,NA,NA,NA,NA,NA,NA,NA,NA,NA,NA,NA,NA,NA,NA,NA,NA,NA,NA,NA,NA,NA,NA,NA,NA,NA,NA,NA,NA,NA,NA,NA,NA,NA,NA,NA,NA,NA,NA,NA,NA,NA,NA,NA,NA,NA,NA,NA,NA,NA,NA,NA,NA,NA,NA,NA,NA,NA,NA,NA,NA,NA,NA,NA,NA,NA,NA,NA,NA,NA,NA,NA,NA,NA,NA,NA,NA,NA,NA,NA,NA,NA,NA,NA,NA,NA,NA,NA
"X.2",NA,NA,NA,NA,NA,NA,NA,NA,NA,NA,NA,NA,NA,NA,NA,NA,NA,NA,NA,NA,NA,NA,NA,NA,NA,NA,NA,NA,NA,NA,NA,NA,NA,NA,NA,NA,NA,NA,NA,NA,NA,NA,NA,NA,NA,NA,NA,NA,NA,NA,NA,NA,NA,NA,NA,NA,NA,NA,NA,NA,NA,NA,NA,NA,NA,NA,NA,NA,NA,NA,NA,NA,NA,NA,NA,NA,NA,NA,NA,NA,NA,NA,NA,NA,NA,NA,NA,NA,NA,NA,NA,NA,NA,NA,NA,NA,NA,NA,NA,NA,NA,NA,NA,NA,NA,NA,NA,NA,NA,NA,NA,NA,NA,NA,NA,NA,NA,NA,NA,NA,NA,NA,NA,NA,NA,NA
"X.3",NA,NA,NA,NA,NA,NA,NA,NA,NA,NA,NA,NA,NA,NA,NA,NA,NA,NA,NA,NA,NA,NA,NA,NA,NA,NA,NA,NA,NA,NA,NA,NA,NA,NA,NA,NA,NA,NA,NA,NA,NA,NA,NA,NA,NA,NA,NA,NA,NA,NA,NA,NA,NA,NA,NA,NA,NA,NA,NA,NA,NA,NA,NA,NA,NA,NA,NA,NA,NA,NA,NA,NA,NA,NA,NA,NA,NA,NA,NA,NA,NA,NA,NA,NA,NA,NA,NA,NA,NA,NA,NA,NA,NA,NA,NA,NA,NA,NA,NA,NA,NA,NA,NA,NA,NA,NA,NA,NA,NA,NA,NA,NA,NA,NA,NA,NA,NA,NA,NA,NA,NA,NA,NA,NA,NA,NA
"X.4",NA,NA,NA,NA,NA,NA,NA,NA,NA,NA,NA,NA,NA,NA,NA,NA,NA,NA,NA,NA,NA,NA,NA,NA,NA,NA,NA,NA,NA,NA,NA,NA,NA,NA,NA,NA,NA,NA,NA,NA,NA,NA,NA,NA,NA,NA,NA,NA,NA,NA,NA,NA,NA,NA,NA,NA,NA,NA,NA,NA,NA,NA,NA,NA,NA,NA,NA,NA,NA,NA,NA,NA,NA,NA,NA,NA,NA,NA,NA,NA,NA,NA,NA,NA,NA,NA,NA,NA,NA,NA,NA,NA,NA,NA,NA,NA,NA,NA,NA,NA,NA,NA,NA,NA,NA,NA,NA,NA,NA,NA,NA,NA,NA,NA,NA,NA,NA,NA,NA,NA,NA,NA,NA,NA,NA,NA
"X.5",NA,NA,NA,NA,NA,NA,NA,NA,NA,NA,NA,NA,NA,NA,NA,NA,NA,NA,NA,NA,NA,NA,NA,NA,NA,NA,NA,NA,NA,NA,NA,NA,NA,NA,NA,NA,NA,NA,NA,NA,NA,NA,NA,NA,NA,NA,NA,NA,NA,NA,NA,NA,NA,NA,NA,NA,NA,NA,NA,NA,NA,NA,NA,NA,NA,NA,NA,NA,NA,NA,NA,NA,NA,NA,NA,NA,NA,NA,NA,NA,NA,NA,NA,NA,NA,NA,NA,NA,NA,NA,NA,NA,NA,NA,NA,NA,NA,NA,NA,NA,NA,NA,NA,NA,NA,NA,NA,NA,NA,NA,NA,NA,NA,NA,NA,NA,NA,NA,NA,NA,NA,NA,NA,NA,NA,NA
